ASV,Kingdom,Phylum,Class,Order,Family,Genus,S23,S24,S25,S26,S27,S28,S29,S37,S38,S39,S40,S41,S42,S43
ASV_ 1,Bacteria,Fusobacteriota,Fusobacteriia,Fusobacteriales,Fusobacteriaceae,Cetobacterium,37051,14333,41518,32328,36549,19889,34759,65960,41216,73723,56835,50307,55653,58509
ASV_ 10,Bacteria,Fusobacteriota,Fusobacteriia,Fusobacteriales,Fusobacteriaceae,Cetobacterium,2335,258,2796,2437,2821,1251,1579,24114,13514,6365,12454,8160,7731,13684
ASV_ 100,Bacteria,Proteobacteria,Gammaproteobacteria,Legionellales,Legionellaceae,Legionella,0,0,0,0,0,0,0,0,0,0,964,0,0,186
ASV_ 101,Bacteria,Planctomycetota,Planctomycetes,Gemmatales,Gemmataceae,NA,0,1124,0,0,0,0,0,0,0,0,0,0,0,0
ASV_ 102,Bacteria,Actinobacteriota,Actinobacteria,Corynebacteriales,Nocardiaceae,Nocardia,0,420,0,390,248,0,66,0,0,0,0,0,0,0
ASV_ 103,Bacteria,Proteobacteria,Gammaproteobacteria,Burkholderiales,Comamonadaceae,NA,0,0,0,32,0,0,0,0,1047,0,0,0,0,21
ASV_ 104,Bacteria,Actinobacteriota,Actinobacteria,Micrococcales,Micrococcaceae,Kocuria,0,97,0,0,0,0,0,54,0,914,21,0,0,0
ASV_ 105,Bacteria,Planctomycetota,Planctomycetes,Gemmatales,Gemmataceae,NA,0,0,0,115,100,671,0,0,0,0,80,0,0,24
ASV_ 106,Bacteria,Actinobacteriota,Actinobacteria,Micrococcales,Micrococcaceae,Micrococcus,0,231,132,0,0,238,0,25,354,0,0,0,0,0
ASV_ 107,Bacteria,Planctomycetota,Planctomycetes,Gemmatales,Gemmataceae,NA,0,0,457,93,108,0,0,0,181,0,119,0,0,0
ASV_ 108,Bacteria,Verrucomicrobiota,Verrucomicrobiae,Verrucomicrobiales,Rubritaleaceae,Luteolibacter,0,181,0,0,90,0,126,0,274,0,158,0,111,0
ASV_ 109,Bacteria,Dependentiae,Babeliae,Babeliales,Vermiphilaceae,NA,0,930,0,0,0,0,0,0,0,0,0,0,0,0
ASV_ 11,Bacteria,Proteobacteria,Gammaproteobacteria,Enterobacterales,Shewanellaceae,Shewanella,1997,1997,793,732,1540,1116,1574,8814,4564,3164,4021,32722,11359,5414
ASV_ 110,Bacteria,Proteobacteria,Gammaproteobacteria,Pseudomonadales,Moraxellaceae,Acinetobacter,0,0,0,0,0,909,0,0,0,0,0,0,0,0
ASV_ 111,Bacteria,Actinobacteriota,Acidimicrobiia,Microtrichales,Microtrichaceae,IMCC26207,0,644,157,71,36,0,0,0,0,0,0,0,0,0
ASV_ 112,Bacteria,Proteobacteria,Gammaproteobacteria,Burkholderiales,Comamonadaceae,NA,0,0,0,0,0,0,0,467,65,0,174,0,32,162
ASV_ 113,Bacteria,Proteobacteria,Gammaproteobacteria,Legionellales,Legionellaceae,Legionella,0,0,205,313,163,0,0,0,57,0,0,60,62,0
ASV_ 114,Bacteria,Proteobacteria,Gammaproteobacteria,Xanthomonadales,Xanthomonadaceae,Stenotrophomonas,0,0,0,0,0,0,0,114,0,0,0,595,143,0
ASV_ 115,Bacteria,Proteobacteria,Gammaproteobacteria,Pseudomonadales,Moraxellaceae,Acinetobacter,0,0,0,0,0,825,0,0,0,0,0,0,0,0
ASV_ 116,Bacteria,Proteobacteria,Gammaproteobacteria,Gammaproteobacteria Incertae Sedis,Unknown Family,NA,0,425,0,24,21,0,37,38,230,0,14,0,0,29
ASV_ 117,Bacteria,Proteobacteria,Gammaproteobacteria,Enterobacterales,Aeromonadaceae,Aeromonas,290,146,0,0,0,0,0,0,0,159,0,0,74,146
ASV_ 118,Bacteria,Proteobacteria,Gammaproteobacteria,Burkholderiales,Comamonadaceae,NA,0,0,0,45,0,0,0,68,641,0,45,0,0,0
ASV_ 119,Bacteria,Proteobacteria,Alphaproteobacteria,Rhizobiales,Xanthobacteraceae,Bradyrhizobium,4,219,141,0,0,90,38,20,21,207,0,42,0,0
ASV_ 12,Bacteria,Proteobacteria,Gammaproteobacteria,Pseudomonadales,Pseudomonadaceae,Pseudomonas,675,0,3555,12672,4891,1085,7265,6167,5640,744,7115,1953,1229,4975
ASV_ 120,Bacteria,Proteobacteria,Gammaproteobacteria,Xanthomonadales,Xanthomonadaceae,Stenotrophomonas,0,0,0,0,0,607,0,0,58,0,0,113,0,0
ASV_ 121,Bacteria,Firmicutes,Bacilli,Exiguobacterales,Exiguobacteraceae,Exiguobacterium,0,0,38,35,16,89,362,0,236,0,0,0,0,0
ASV_ 122,Bacteria,Planctomycetota,Planctomycetes,Gemmatales,Gemmataceae,NA,0,712,0,0,0,0,0,0,57,0,0,0,0,0
ASV_ 123,Bacteria,Firmicutes,Bacilli,Bacillales,Bacillaceae,Fictibacillus,10,417,68,22,32,0,48,13,37,0,15,32,48,23
ASV_ 124,Bacteria,Proteobacteria,Gammaproteobacteria,Enterobacterales,Aeromonadaceae,Aeromonas,73,26,22,30,66,36,74,97,51,37,22,110,58,61
ASV_ 125,Bacteria,Planctomycetota,Planctomycetes,Gemmatales,Gemmataceae,NA,0,319,0,265,0,0,0,0,11,0,115,0,0,24
ASV_ 126,Bacteria,Dependentiae,Babeliae,Babeliales,NA,NA,0,717,0,0,0,0,0,0,0,0,0,0,0,0
ASV_ 127,Bacteria,Firmicutes,Bacilli,Bacillales,Bacillaceae,Bacillus,0,0,164,51,0,199,21,12,0,0,133,28,14,49
ASV_ 128,Bacteria,Fusobacteriota,Fusobacteriia,Fusobacteriales,Fusobacteriaceae,Fusobacterium,0,396,0,0,267,0,0,0,0,0,0,0,0,0
ASV_ 129,Bacteria,Actinobacteriota,Actinobacteria,Corynebacteriales,Mycobacteriaceae,Mycobacterium,0,0,0,0,0,0,0,0,0,0,156,167,0,338
ASV_ 13,Bacteria,Proteobacteria,Gammaproteobacteria,Enterobacterales,Enterobacteriaceae,Plesiomonas,1701,15622,7600,4612,3550,1557,2982,3766,155,4541,870,1162,841,779
ASV_ 130,Bacteria,Proteobacteria,Alphaproteobacteria,Reyranellales,Reyranellaceae,Reyranella,7,0,70,183,125,49,74,34,50,0,17,0,0,31
ASV_ 131,Bacteria,Planctomycetota,Planctomycetes,NA,NA,NA,0,0,0,228,0,0,118,0,189,0,43,0,0,52
ASV_ 132,Bacteria,Actinobacteriota,Actinobacteria,Corynebacteriales,Corynebacteriaceae,Corynebacterium,49,277,0,16,32,0,136,0,66,0,0,0,37,0
ASV_ 133,Bacteria,Planctomycetota,Planctomycetes,Pirellulales,Pirellulaceae,NA,0,0,0,0,59,0,123,0,342,0,42,0,0,0
ASV_ 134,Bacteria,Proteobacteria,Alphaproteobacteria,Rhizobiales,Xanthobacteraceae,Afipia,0,40,70,0,0,24,0,0,33,244,0,142,7,0
ASV_ 135,Bacteria,Planctomycetota,Planctomycetes,Gemmatales,Gemmataceae,NA,0,552,0,0,0,0,0,0,0,0,0,0,0,0
ASV_ 136,Bacteria,Proteobacteria,Gammaproteobacteria,Burkholderiales,Alcaligenaceae,Achromobacter,0,0,0,0,0,0,0,0,24,493,12,0,0,20
ASV_ 137,Bacteria,Actinobacteriota,Actinobacteria,Corynebacteriales,Mycobacteriaceae,Mycobacterium,0,0,0,41,10,208,0,0,52,0,141,0,81,15
ASV_ 138,Bacteria,Planctomycetota,Planctomycetes,Pirellulales,Pirellulaceae,NA,0,0,0,90,46,0,210,0,0,0,145,0,0,28
ASV_ 139,Bacteria,Planctomycetota,Planctomycetes,Planctomycetales,NA,NA,0,0,362,94,50,0,0,0,0,0,0,0,0,0
ASV_ 14,Bacteria,Cyanobacteria,Cyanobacteriia,Cyanobacteriales,Chroococcidiopsaceae,NA,0,0,0,0,0,43731,0,0,0,0,0,0,0,0
ASV_ 140,Bacteria,Bacteroidota,Bacteroidia,Bacteroidales,Prevotellaceae,Prevotella,0,505,0,0,0,0,0,0,0,0,0,0,0,0
ASV_ 141,Bacteria,Myxococcota,Polyangia,Polyangiales,Polyangiaceae,Pajaroellobacter,0,455,0,0,16,0,0,0,32,0,0,0,0,0
ASV_ 142,Bacteria,Proteobacteria,Gammaproteobacteria,Burkholderiales,Comamonadaceae,Caldimonas,0,0,0,0,0,0,0,0,0,496,0,0,0,0
ASV_ 143,Bacteria,Actinobacteriota,Acidimicrobiia,Microtrichales,Microtrichaceae,IMCC26207,0,349,141,0,0,0,0,0,0,0,0,0,0,0
ASV_ 144,Bacteria,Planctomycetota,Planctomycetes,Gemmatales,Gemmataceae,NA,0,0,485,0,0,0,0,0,0,0,0,0,0,0
ASV_ 145,Bacteria,Planctomycetota,Planctomycetes,Gemmatales,Gemmataceae,NA,0,473,0,0,0,0,0,0,0,0,0,0,0,0
ASV_ 146,Bacteria,Actinobacteriota,Actinobacteria,Corynebacteriales,Corynebacteriaceae,Corynebacterium,0,0,469,0,0,0,0,0,0,0,0,0,0,0
ASV_ 147,Bacteria,Planctomycetota,Planctomycetes,Pirellulales,Pirellulaceae,NA,0,0,0,175,0,0,0,0,223,0,69,0,0,0
ASV_ 148,Bacteria,Planctomycetota,Planctomycetes,Pirellulales,Pirellulaceae,NA,0,0,0,323,126,0,0,0,0,0,0,0,0,0
ASV_ 149,Bacteria,Proteobacteria,Alphaproteobacteria,Rhizobiales,Hyphomicrobiaceae,Pedomicrobium,0,0,0,346,71,0,20,0,0,0,0,0,0,0
ASV_ 15,Bacteria,Firmicutes,Bacilli,Erysipelotrichales,Erysipelotrichaceae,Dielma,8050,207,7610,1055,1439,507,3316,4,50,1039,1280,3750,2246,843
ASV_ 150,Bacteria,Proteobacteria,Gammaproteobacteria,Legionellales,Legionellaceae,Legionella,0,0,0,0,0,0,0,0,0,0,178,0,147,110
ASV_ 151,Bacteria,Firmicutes,Bacilli,Bacillales,Planococcaceae,NA,0,42,90,101,58,0,100,0,29,0,0,0,11,0
ASV_ 152,Bacteria,Actinobacteriota,Actinobacteria,Corynebacteriales,Corynebacteriaceae,Corynebacterium,0,421,0,0,0,0,0,0,0,0,0,0,0,0
ASV_ 153,Bacteria,Proteobacteria,Alphaproteobacteria,Rhizobiales,Xanthobacteraceae,Bradyrhizobium,0,80,22,48,0,0,0,23,36,154,0,0,0,42
ASV_ 154,Bacteria,Proteobacteria,Gammaproteobacteria,Xanthomonadales,Xanthomonadaceae,Stenotrophomonas,0,0,0,0,0,0,0,0,23,382,0,0,0,0
ASV_ 155,Bacteria,Actinobacteriota,Actinobacteria,Propionibacteriales,Nocardioidaceae,Aeromicrobium,0,0,0,0,0,0,0,7,199,0,0,0,183,13
ASV_ 156,Bacteria,Proteobacteria,Gammaproteobacteria,Gammaproteobacteria Incertae Sedis,Unknown Family,NA,16,0,209,0,23,143,0,0,0,0,0,0,0,0
ASV_ 157,Bacteria,Actinobacteriota,Actinobacteria,Corynebacteriales,Mycobacteriaceae,Mycobacterium,0,161,0,186,39,0,0,0,0,0,0,0,0,0
ASV_ 158,Bacteria,Planctomycetota,Planctomycetes,Gemmatales,Gemmataceae,NA,0,0,0,88,211,0,0,0,0,0,0,0,0,69
ASV_ 159,Bacteria,Proteobacteria,Alphaproteobacteria,Rhizobiales,Rhizobiales Incertae Sedis,Phreatobacter,0,42,84,29,51,0,15,24,11,16,29,0,28,29
ASV_ 16,Bacteria,Actinobacteriota,Actinobacteria,Propionibacteriales,Propionibacteriaceae,Cutibacterium,280,10671,3315,414,1129,4392,549,212,269,3521,1505,299,1445,3209
ASV_ 160,Bacteria,Proteobacteria,Gammaproteobacteria,Enterobacterales,Pasteurellaceae,Haemophilus,0,0,0,0,349,0,0,0,0,0,0,0,0,0
ASV_ 161,Bacteria,Chloroflexi,Anaerolineae,Caldilineales,Caldilineaceae,NA,0,0,0,76,0,0,0,0,0,0,257,0,0,14
ASV_ 162,Bacteria,Firmicutes,Bacilli,Lactobacillales,Streptococcaceae,Streptococcus,0,0,0,0,335,0,0,0,0,0,0,0,0,0
ASV_ 163,Bacteria,Actinobacteriota,Actinobacteria,Corynebacteriales,Corynebacteriaceae,Corynebacterium,0,0,0,0,328,0,0,0,0,0,0,0,0,0
ASV_ 164,Bacteria,Bacteroidota,Bacteroidia,Bacteroidales,Barnesiellaceae,NA,0,0,0,0,81,0,0,0,0,0,0,82,88,73
ASV_ 165,Bacteria,Fusobacteriota,Fusobacteriia,Fusobacteriales,Fusobacteriaceae,Cetobacterium,0,0,0,0,0,0,0,0,0,73,166,80,0,0
ASV_ 166,Bacteria,Bacteroidota,Bacteroidia,Chitinophagales,Chitinophagaceae,Aurantisolimonas,0,0,0,116,64,0,0,0,0,0,0,0,107,31
ASV_ 167,Bacteria,Actinobacteriota,Actinobacteria,Micrococcales,Microbacteriaceae,Microbacterium,0,226,0,0,55,0,28,0,0,0,0,0,0,0
ASV_ 168,Bacteria,Planctomycetota,Planctomycetes,Gemmatales,Gemmataceae,NA,0,0,0,118,104,0,0,0,23,0,61,0,0,0
ASV_ 169,Bacteria,Proteobacteria,Gammaproteobacteria,Legionellales,Legionellaceae,Legionella,0,0,0,0,0,0,0,241,0,0,0,0,62,0
ASV_ 17,Bacteria,Proteobacteria,Gammaproteobacteria,Pseudomonadales,Moraxellaceae,Enhydrobacter,0,259,17713,0,0,0,9,77,1681,8961,235,0,314,20
ASV_ 170,Bacteria,Firmicutes,Bacilli,Staphylococcales,Staphylococcaceae,Staphylococcus,0,297,0,0,0,0,0,0,0,0,0,0,0,0
ASV_ 171,Bacteria,Planctomycetota,Planctomycetes,Planctomycetales,NA,NA,0,0,0,289,0,0,0,0,0,0,0,0,0,0
ASV_ 172,Bacteria,Proteobacteria,Gammaproteobacteria,Pseudomonadales,Moraxellaceae,Acinetobacter,0,287,0,0,0,0,0,0,0,0,0,0,0,0
ASV_ 173,Bacteria,Planctomycetota,Planctomycetes,Gemmatales,Gemmataceae,NA,0,0,0,75,83,0,56,0,27,0,40,0,0,0
ASV_ 174,Bacteria,Planctomycetota,Planctomycetes,Pirellulales,Pirellulaceae,Pir4 lineage,0,0,0,125,150,0,0,0,0,0,0,0,0,0
ASV_ 175,Bacteria,Planctomycetota,Planctomycetes,Planctomycetales,Schlesneriaceae,Planctopirus,0,70,0,76,52,0,12,0,46,0,16,0,0,0
ASV_ 176,Bacteria,Actinobacteriota,Actinobacteria,PeM15,NA,NA,0,242,0,7,0,0,16,0,0,0,0,0,0,0
ASV_ 177,Bacteria,Proteobacteria,Gammaproteobacteria,Pseudomonadales,Moraxellaceae,Enhydrobacter,0,0,263,0,0,0,0,0,0,0,0,0,0,0
ASV_ 178,Bacteria,Proteobacteria,Gammaproteobacteria,Enterobacterales,Aeromonadaceae,Aeromonas,0,0,0,0,0,92,0,0,0,161,0,0,0,0
ASV_ 179,Bacteria,Actinobacteriota,Actinobacteria,Corynebacteriales,Corynebacteriaceae,Corynebacterium,0,205,0,0,45,0,0,0,0,0,0,0,0,0
ASV_ 18,Bacteria,Firmicutes,Clostridia,Peptostreptococcales-Tissierellales,Peptostreptococcaceae,Paraclostridium,1666,6790,1627,4759,5466,898,2023,289,25,753,424,252,254,309
ASV_ 180,Bacteria,Planctomycetota,Planctomycetes,Pirellulales,Pirellulaceae,NA,0,0,0,0,90,0,156,0,0,0,0,0,0,0
ASV_ 181,Bacteria,Proteobacteria,Gammaproteobacteria,Pseudomonadales,Moraxellaceae,Acinetobacter,0,0,0,0,11,234,0,0,0,0,0,0,0,0
ASV_ 182,Bacteria,Proteobacteria,Gammaproteobacteria,Enterobacterales,Pasteurellaceae,Aggregatibacter,0,0,0,0,243,0,0,0,0,0,0,0,0,0
ASV_ 183,Bacteria,Planctomycetota,Planctomycetes,Gemmatales,Gemmataceae,NA,0,0,242,0,0,0,0,0,0,0,0,0,0,0
ASV_ 184,Bacteria,Planctomycetota,Planctomycetes,Pirellulales,Pirellulaceae,NA,0,0,0,0,99,0,89,0,0,0,0,0,0,52
ASV_ 185,Bacteria,Proteobacteria,Alphaproteobacteria,Rhizobiales,Rhizobiales Incertae Sedis,NA,0,53,32,89,33,5,21,0,0,0,0,0,0,0
ASV_ 186,Bacteria,Planctomycetota,Planctomycetes,Isosphaerales,Isosphaeraceae,NA,0,0,0,0,0,0,14,0,0,0,185,0,0,34
ASV_ 187,Bacteria,Proteobacteria,Gammaproteobacteria,Burkholderiales,Alcaligenaceae,Achromobacter,0,155,0,9,6,0,0,0,0,0,0,0,62,0
ASV_ 188,Bacteria,Planctomycetota,Planctomycetes,Pirellulales,Pirellulaceae,Pir4 lineage,0,0,0,231,0,0,0,0,0,0,0,0,0,0
ASV_ 189,Bacteria,Proteobacteria,Gammaproteobacteria,Enterobacterales,Pasteurellaceae,Haemophilus,0,229,0,0,0,0,0,0,0,0,0,0,0,0
ASV_ 19,Bacteria,Actinobacteriota,Acidimicrobiia,Microtrichales,Microtrichaceae,IMCC26207,149,7358,6567,3002,1263,420,1609,10,242,432,622,136,86,117
ASV_ 190,Bacteria,Planctomycetota,Planctomycetes,Gemmatales,Gemmataceae,NA,0,0,0,114,100,0,0,0,0,0,13,0,0,0
ASV_ 191,Bacteria,Firmicutes,Bacilli,Paenibacillales,Paenibacillaceae,Paenibacillus,0,145,29,0,0,45,0,0,0,0,0,0,0,0
ASV_ 192,Bacteria,Firmicutes,Bacilli,Lactobacillales,Streptococcaceae,Streptococcus,0,0,0,0,217,0,0,0,0,0,0,0,0,0
ASV_ 193,Bacteria,Planctomycetota,Planctomycetes,Gemmatales,Gemmataceae,NA,0,0,0,98,0,0,0,0,0,0,116,0,0,0
ASV_ 194,Bacteria,Actinobacteriota,Actinobacteria,Corynebacteriales,Nocardiaceae,Gordonia,0,0,0,0,0,0,0,0,0,0,0,214,0,0
ASV_ 195,Bacteria,Actinobacteriota,Actinobacteria,Corynebacteriales,Corynebacteriaceae,Corynebacterium,0,211,0,0,0,0,0,0,0,0,0,0,0,0
ASV_ 196,Bacteria,Planctomycetota,Planctomycetes,Planctomycetales,Schlesneriaceae,Planctopirus,0,118,0,48,13,0,0,0,0,0,20,0,0,12
ASV_ 197,Bacteria,Actinobacteriota,Actinobacteria,Micrococcales,Microbacteriaceae,Leucobacter,0,0,0,7,26,0,0,0,0,0,150,0,0,28
ASV_ 198,Bacteria,Actinobacteriota,Actinobacteria,Corynebacteriales,Corynebacteriaceae,Corynebacterium,0,0,0,0,104,0,106,0,0,0,0,0,0,0
ASV_ 199,Bacteria,Proteobacteria,Alphaproteobacteria,Rhodobacterales,Rhodobacteraceae,NA,0,0,0,0,0,0,0,30,39,14,63,0,16,48
ASV_ 2,Bacteria,Bacteroidota,Bacteroidia,Bacteroidales,Barnesiellaceae,NA,24923,0,1642,5419,44104,35657,41973,34347,10748,22488,3345,24262,37890,25824
ASV_ 20,Bacteria,Proteobacteria,Gammaproteobacteria,Enterobacterales,Aeromonadaceae,Aeromonas,1321,184,196,454,1416,1269,1626,2759,1761,1181,540,5029,1632,1278
ASV_ 200,Bacteria,Proteobacteria,Gammaproteobacteria,Burkholderiales,Chromobacteriaceae,Vogesella,0,0,0,0,0,205,0,0,0,0,0,0,0,0
ASV_ 201,Bacteria,Proteobacteria,Gammaproteobacteria,Gammaproteobacteria Incertae Sedis,Unknown Family,NA,0,0,0,0,0,0,0,77,0,0,0,0,100,27
ASV_ 202,Bacteria,Proteobacteria,Gammaproteobacteria,Burkholderiales,Neisseriaceae,Neisseria,0,0,0,0,143,0,0,0,0,0,0,60,0,0
ASV_ 203,Bacteria,Planctomycetota,Planctomycetes,Planctomycetales,Schlesneriaceae,Schlesneria,0,0,0,0,0,0,0,129,0,0,38,0,0,36
ASV_ 204,Bacteria,Actinobacteriota,Actinobacteria,Micrococcales,Microbacteriaceae,Frondihabitans,0,201,0,0,0,0,0,0,0,0,0,0,0,0
ASV_ 205,Bacteria,Actinobacteriota,Actinobacteria,Propionibacteriales,Nocardioidaceae,Nocardioides,0,0,0,0,0,0,0,18,0,0,0,172,0,7
ASV_ 206,Bacteria,Proteobacteria,Gammaproteobacteria,Enterobacterales,Aeromonadaceae,Aeromonas,0,0,0,0,0,0,0,0,0,196,0,0,0,0
ASV_ 207,Bacteria,Actinobacteriota,Actinobacteria,Micrococcales,Microbacteriaceae,Microbacterium,0,0,0,18,0,80,41,0,56,0,0,0,0,0
ASV_ 208,Bacteria,Planctomycetota,Planctomycetes,Pirellulales,Pirellulaceae,NA,0,0,0,194,0,0,0,0,0,0,0,0,0,0
ASV_ 209,Bacteria,Actinobacteriota,Actinobacteria,Propionibacteriales,Propionibacteriaceae,Cutibacterium,0,0,67,0,0,124,0,0,0,0,0,0,0,0
ASV_ 21,Bacteria,Fusobacteriota,Fusobacteriia,Fusobacteriales,Fusobacteriaceae,Cetobacterium,577,246,1884,2012,2355,0,1491,1723,2534,1650,1632,1324,1576,1220
ASV_ 210,Bacteria,Proteobacteria,Alphaproteobacteria,Rhizobiales,Hyphomicrobiaceae,Hyphomicrobium,0,0,0,103,72,0,0,0,0,0,0,0,13,0
ASV_ 211,Bacteria,Actinobacteriota,Actinobacteria,Corynebacteriales,Corynebacteriaceae,Corynebacterium,0,0,0,0,0,187,0,0,0,0,0,0,0,0
ASV_ 212,Bacteria,Actinobacteriota,Actinobacteria,Pseudonocardiales,Pseudonocardiaceae,Pseudonocardia,0,0,0,0,0,0,0,0,0,182,0,0,0,0
ASV_ 213,Bacteria,Proteobacteria,Gammaproteobacteria,Enterobacterales,Enterobacteriaceae,Escherichia-Shigella,0,93,0,0,0,0,0,17,21,0,16,33,0,0
ASV_ 214,Bacteria,Actinobacteriota,Acidimicrobiia,Microtrichales,Ilumatobacteraceae,NA,0,173,0,0,0,0,0,0,0,0,0,0,0,0
ASV_ 215,Bacteria,Actinobacteriota,Actinobacteria,Micrococcales,Microbacteriaceae,Microbacterium,0,0,0,0,0,0,0,0,173,0,0,0,0,0
ASV_ 216,Bacteria,Actinobacteriota,Actinobacteria,Corynebacteriales,Mycobacteriaceae,Mycobacterium,0,21,0,95,56,0,0,0,0,0,0,0,0,0
ASV_ 217,Bacteria,Proteobacteria,Alphaproteobacteria,Rhodobacterales,Rhodobacteraceae,Paracoccus,0,0,172,0,0,0,0,0,0,0,0,0,0,0
ASV_ 218,Bacteria,Actinobacteriota,Actinobacteria,Micrococcales,Intrasporangiaceae,Knoellia,0,0,0,0,37,0,0,0,135,0,0,0,0,0
ASV_ 219,Bacteria,Firmicutes,Bacilli,Staphylococcales,Staphylococcaceae,Staphylococcus,0,166,0,0,0,0,0,0,0,0,0,0,0,0
ASV_ 22,Bacteria,Proteobacteria,Alphaproteobacteria,Rhizobiales,Hyphomicrobiaceae,Hyphomicrobium,186,7079,2701,561,404,4699,585,133,331,1362,73,419,342,31
ASV_ 220,Bacteria,Chloroflexi,Anaerolineae,Caldilineales,Caldilineaceae,NA,0,0,0,70,0,0,0,0,0,0,77,0,0,19
ASV_ 221,Bacteria,Cyanobacteria,Cyanobacteriia,Cyanobacteriales,Chroococcidiopsaceae,NA,0,0,0,0,0,165,0,0,0,0,0,0,0,0
ASV_ 222,Bacteria,Proteobacteria,Gammaproteobacteria,Burkholderiales,Comamonadaceae,Acidovorax,0,0,0,0,0,0,0,34,131,0,0,0,0,0
ASV_ 223,Bacteria,Actinobacteriota,Actinobacteria,Actinomycetales,Actinomycetaceae,Actinomyces,0,0,0,0,164,0,0,0,0,0,0,0,0,0
ASV_ 224,Bacteria,Planctomycetota,Planctomycetes,Gemmatales,Gemmataceae,NA,0,0,0,0,0,0,0,0,164,0,0,0,0,0
ASV_ 225,Bacteria,Proteobacteria,Alphaproteobacteria,Rhizobiales,Xanthobacteraceae,Bradyrhizobium,0,0,0,36,38,0,0,0,49,0,40,0,0,0
ASV_ 226,Bacteria,Verrucomicrobiota,Verrucomicrobiae,Verrucomicrobiales,Rubritaleaceae,Luteolibacter,0,7,7,45,28,0,11,11,12,0,11,0,5,24
ASV_ 227,Bacteria,Planctomycetota,Planctomycetes,Pirellulales,Pirellulaceae,Pir4 lineage,0,0,0,0,0,0,54,0,0,0,106,0,0,0
ASV_ 228,Bacteria,Proteobacteria,Alphaproteobacteria,Rhizobiales,Methyloligellaceae,NA,10,0,0,23,43,0,20,0,45,0,17,0,0,0
ASV_ 229,Bacteria,Firmicutes,Bacilli,Bacillales,Bacillaceae,Bacillus,0,131,0,14,0,0,13,0,0,0,0,0,0,0
ASV_ 23,Bacteria,Proteobacteria,Gammaproteobacteria,Pseudomonadales,Moraxellaceae,Acinetobacter,9,0,0,0,0,16620,0,0,0,0,0,0,0,0
ASV_ 230,Bacteria,Proteobacteria,Alphaproteobacteria,Rhizobiales,Rhizobiaceae,Allorhizobium-Neorhizobium-Pararhizobium-Rhizobium,0,49,14,42,52,0,0,0,0,0,0,0,0,0
ASV_ 231,Bacteria,Proteobacteria,Alphaproteobacteria,Rhizobiales,Xanthobacteraceae,NA,0,0,0,0,0,0,0,0,0,0,0,156,0,0
ASV_ 232,Bacteria,Proteobacteria,Gammaproteobacteria,Pseudomonadales,Moraxellaceae,Acinetobacter,15,0,0,0,0,0,0,0,140,0,0,0,0,0
ASV_ 233,Bacteria,Cyanobacteria,Cyanobacteriia,Cyanobacteriales,Chroococcidiopsaceae,NA,0,0,0,0,0,153,0,0,0,0,0,0,0,0
ASV_ 234,Bacteria,Planctomycetota,Planctomycetes,Gemmatales,Gemmataceae,Fimbriiglobus,0,0,0,0,152,0,0,0,0,0,0,0,0,0
ASV_ 235,Bacteria,Proteobacteria,Gammaproteobacteria,Enterobacterales,Vibrionaceae,Vibrio,0,0,0,0,0,152,0,0,0,0,0,0,0,0
ASV_ 236,Bacteria,Verrucomicrobiota,Verrucomicrobiae,NA,NA,NA,0,0,0,0,0,0,0,0,0,152,0,0,0,0
ASV_ 237,Bacteria,Actinobacteriota,Actinobacteria,Corynebacteriales,Corynebacteriaceae,Corynebacterium,0,0,0,0,0,0,0,0,0,0,34,117,0,0
ASV_ 238,Bacteria,Proteobacteria,Gammaproteobacteria,Pseudomonadales,Moraxellaceae,Acinetobacter,0,0,0,0,0,150,0,0,0,0,0,0,0,0
ASV_ 239,Bacteria,Actinobacteriota,Actinobacteria,Micrococcales,Micrococcaceae,Pseudoglutamicibacter,0,0,0,0,0,148,0,0,0,0,0,0,0,0
ASV_ 24,Bacteria,Bacteroidota,Bacteroidia,Bacteroidales,Bacteroidaceae,Bacteroides,6418,0,319,198,274,1686,676,16,449,1048,2167,489,540,1767
ASV_ 240,Bacteria,Chloroflexi,Anaerolineae,RBG-13-54-9,NA,NA,0,0,0,82,0,0,11,0,24,0,14,0,0,10
ASV_ 241,Bacteria,Proteobacteria,Alphaproteobacteria,Rhizobiales,Xanthobacteraceae,Pseudorhodoplanes,0,49,10,63,17,0,0,0,0,0,0,0,0,0
ASV_ 242,Bacteria,Planctomycetota,Planctomycetes,NA,NA,NA,0,0,0,120,0,0,0,0,0,0,19,0,0,0
ASV_ 243,Bacteria,Spirochaetota,Spirochaetia,Spirochaetales,Spirochaetaceae,Treponema,0,0,0,0,138,0,0,0,0,0,0,0,0,0
ASV_ 244,Bacteria,Proteobacteria,Alphaproteobacteria,Rhizobiales,Hyphomicrobiaceae,Hyphomicrobium,0,0,137,0,0,0,0,0,0,0,0,0,0,0
ASV_ 245,Bacteria,Actinobacteriota,Actinobacteria,Corynebacteriales,Nocardiaceae,NA,0,0,0,0,0,0,0,0,0,0,0,137,0,0
ASV_ 246,Bacteria,Proteobacteria,Gammaproteobacteria,Pseudomonadales,Moraxellaceae,Alkanindiges,0,0,0,0,0,0,0,0,0,0,0,123,0,12
ASV_ 247,Bacteria,Planctomycetota,Planctomycetes,Gemmatales,Gemmataceae,NA,0,0,0,85,0,0,0,0,49,0,0,0,0,0
ASV_ 248,Bacteria,Proteobacteria,Gammaproteobacteria,Pseudomonadales,Moraxellaceae,Acinetobacter,0,0,0,0,0,133,0,0,0,0,0,0,0,0
ASV_ 249,Bacteria,Planctomycetota,Planctomycetes,Pirellulales,Pirellulaceae,NA,0,0,0,0,0,0,0,0,133,0,0,0,0,0
ASV_ 25,Bacteria,Proteobacteria,Gammaproteobacteria,Pseudomonadales,Pseudomonadaceae,Pseudomonas,0,848,410,544,476,1584,397,1926,594,153,3857,567,187,1714
ASV_ 250,Bacteria,Proteobacteria,Gammaproteobacteria,Enterobacterales,Vibrionaceae,Vibrio,0,0,0,0,0,132,0,0,0,0,0,0,0,0
ASV_ 251,Bacteria,Actinobacteriota,Actinobacteria,Propionibacteriales,Propionibacteriaceae,Cutibacterium,0,0,0,0,0,0,0,0,0,132,0,0,0,0
ASV_ 252,Bacteria,Planctomycetota,Planctomycetes,Gemmatales,Gemmataceae,NA,0,0,0,106,0,0,0,0,0,0,0,0,0,23
ASV_ 253,Bacteria,Planctomycetota,Planctomycetes,Gemmatales,Gemmataceae,NA,0,0,0,28,100,0,0,0,0,0,0,0,0,0
ASV_ 254,Bacteria,Proteobacteria,Gammaproteobacteria,Pseudomonadales,Moraxellaceae,Acinetobacter,0,0,0,0,0,128,0,0,0,0,0,0,0,0
ASV_ 255,Bacteria,Actinobacteriota,Actinobacteria,Corynebacteriales,Mycobacteriaceae,Mycobacterium,0,31,0,47,18,0,0,0,0,0,21,0,0,9
ASV_ 256,Bacteria,Firmicutes,Bacilli,Bacillales,Bacillaceae,Bacillus,0,0,0,9,0,0,15,38,0,0,11,39,0,14
ASV_ 257,Bacteria,Planctomycetota,Planctomycetes,Pirellulales,Pirellulaceae,NA,0,0,0,0,0,0,0,0,86,0,0,0,0,40
ASV_ 258,Bacteria,Actinobacteriota,Actinobacteria,Micrococcales,Micrococcaceae,Micrococcus,0,0,0,0,0,0,0,0,0,0,0,125,0,0
ASV_ 259,Bacteria,Proteobacteria,Gammaproteobacteria,Pseudomonadales,Moraxellaceae,Acinetobacter,0,0,0,0,0,124,0,0,0,0,0,0,0,0
ASV_ 26,Bacteria,Proteobacteria,Gammaproteobacteria,Enterobacterales,Shewanellaceae,Shewanella,262,0,270,104,241,599,196,1539,987,0,731,4887,1355,776
ASV_ 260,Bacteria,Bacteroidota,Bacteroidia,Bacteroidales,Prevotellaceae,Prevotella,0,0,0,0,123,0,0,0,0,0,0,0,0,0
ASV_ 261,Bacteria,Planctomycetota,Planctomycetes,Gemmatales,Gemmataceae,NA,0,0,0,0,0,0,58,0,0,0,64,0,0,0
ASV_ 262,Bacteria,Planctomycetota,Planctomycetes,Gemmatales,Gemmataceae,NA,0,0,0,121,0,0,0,0,0,0,0,0,0,0
ASV_ 263,Bacteria,Planctomycetota,Planctomycetes,Gemmatales,Gemmataceae,NA,0,0,0,0,0,0,104,0,0,0,0,0,0,17
ASV_ 264,Bacteria,Proteobacteria,Alphaproteobacteria,Rhodobacterales,Rhodobacteraceae,Rhodobacter,0,46,11,12,16,0,0,23,12,0,0,0,0,0
ASV_ 265,Bacteria,Proteobacteria,Gammaproteobacteria,NA,NA,NA,0,0,0,32,0,0,10,39,0,0,0,0,0,39
ASV_ 266,Bacteria,Proteobacteria,Gammaproteobacteria,Enterobacterales,Vibrionaceae,Vibrio,0,0,0,0,0,41,4,0,0,0,0,75,0,0
ASV_ 267,Bacteria,Bacteroidota,Bacteroidia,Flavobacteriales,Crocinitomicaceae,Fluviicola,0,0,0,0,0,0,66,54,0,0,0,0,0,0
ASV_ 268,Bacteria,Proteobacteria,Gammaproteobacteria,Pseudomonadales,Cellvibrionaceae,Cellvibrio,0,0,0,0,0,0,0,60,0,0,0,0,45,13
ASV_ 269,Bacteria,Planctomycetota,Planctomycetes,Gemmatales,Gemmataceae,NA,0,0,0,97,0,0,0,0,0,0,18,0,0,0
ASV_ 27,Bacteria,Actinobacteriota,Actinobacteria,Micrococcales,Microbacteriaceae,Agromyces,76,1775,2161,259,154,0,258,143,2471,0,1612,1222,706,945
ASV_ 270,Bacteria,Actinobacteriota,Actinobacteria,Micrococcales,Dermabacteraceae,Brachybacterium,0,0,0,0,42,0,0,73,0,0,0,0,0,0
ASV_ 271,Bacteria,Proteobacteria,Gammaproteobacteria,Coxiellales,Coxiellaceae,Coxiella,0,0,0,31,36,0,0,0,0,0,35,0,0,12
ASV_ 272,Bacteria,Firmicutes,Bacilli,Bacillales,NA,NA,0,0,0,10,13,0,0,0,45,0,9,14,0,22
ASV_ 273,Bacteria,Proteobacteria,Gammaproteobacteria,Pseudomonadales,Moraxellaceae,Acinetobacter,0,0,0,0,0,113,0,0,0,0,0,0,0,0
ASV_ 274,Bacteria,Actinobacteriota,Actinobacteria,Micrococcales,Brevibacteriaceae,Brevibacterium,15,0,0,0,49,0,0,0,0,0,0,0,48,0
ASV_ 275,Bacteria,Actinobacteriota,Actinobacteria,Micrococcales,Microbacteriaceae,Agrococcus,0,0,0,0,0,112,0,0,0,0,0,0,0,0
ASV_ 276,Bacteria,Planctomycetota,Planctomycetes,Gemmatales,Gemmataceae,NA,0,0,0,0,0,0,95,0,0,0,0,0,0,17
ASV_ 277,Bacteria,Actinobacteriota,Actinobacteria,Micrococcales,Microbacteriaceae,Leifsonia,0,0,0,6,0,105,0,0,0,0,0,0,0,0
ASV_ 278,Bacteria,Planctomycetota,Planctomycetes,Gemmatales,Gemmataceae,NA,0,0,0,0,0,0,0,0,110,0,0,0,0,0
ASV_ 279,Bacteria,Proteobacteria,Alphaproteobacteria,Reyranellales,Reyranellaceae,Reyranella,0,0,109,0,0,0,0,0,0,0,0,0,0,0
ASV_ 28,Bacteria,Bacteroidota,Bacteroidia,Cytophagales,NA,NA,92,0,0,52,0,0,0,298,3291,0,958,2407,49,4152
ASV_ 280,Bacteria,MBNT15,NA,NA,NA,NA,0,0,0,10,54,0,11,0,19,0,0,0,0,15
ASV_ 281,Bacteria,Proteobacteria,Gammaproteobacteria,Pseudomonadales,Moraxellaceae,Acinetobacter,0,0,0,0,0,109,0,0,0,0,0,0,0,0
ASV_ 282,Bacteria,Proteobacteria,Alphaproteobacteria,Rhizobiales,Hyphomicrobiaceae,Hyphomicrobium,0,0,0,92,0,0,11,0,0,0,5,0,0,0
ASV_ 283,Bacteria,Actinobacteriota,Thermoleophilia,Solirubrobacterales,Solirubrobacteraceae,Patulibacter,0,0,0,0,0,0,0,0,0,0,0,108,0,0
ASV_ 284,Bacteria,Proteobacteria,Alphaproteobacteria,Caulobacterales,Caulobacteraceae,Brevundimonas,0,0,0,6,25,0,0,0,68,0,0,0,8,0
ASV_ 285,Bacteria,Proteobacteria,Gammaproteobacteria,Pseudomonadales,Moraxellaceae,Acinetobacter,0,0,0,0,0,105,0,0,0,0,0,0,0,0
ASV_ 286,Bacteria,Actinobacteriota,Actinobacteria,Propionibacteriales,Propionibacteriaceae,Cutibacterium,0,104,0,0,0,0,0,0,0,0,0,0,0,0
ASV_ 287,Bacteria,Proteobacteria,Gammaproteobacteria,Gammaproteobacteria Incertae Sedis,Unknown Family,Candidatus Berkiella,0,0,0,76,27,0,0,0,0,0,0,0,0,0
ASV_ 288,Bacteria,Proteobacteria,Gammaproteobacteria,Diplorickettsiales,Diplorickettsiaceae,Aquicella,0,0,0,0,0,0,0,0,0,0,0,0,103,0
ASV_ 289,Bacteria,Planctomycetota,Planctomycetes,Pirellulales,Pirellulaceae,Pirellula,0,0,0,0,0,0,0,0,0,0,0,0,103,0
ASV_ 29,Bacteria,Bacteroidota,Bacteroidia,Chitinophagales,Chitinophagaceae,Aurantisolimonas,250,0,76,2402,1490,0,2262,87,237,391,1081,0,1809,1044
ASV_ 290,Bacteria,Actinobacteriota,Actinobacteria,Micrococcales,Brevibacteriaceae,Brevibacterium,0,0,102,0,0,0,0,0,0,0,0,0,0,0
ASV_ 291,Bacteria,Planctomycetota,Planctomycetes,Gemmatales,Gemmataceae,NA,0,0,0,102,0,0,0,0,0,0,0,0,0,0
ASV_ 292,Bacteria,Planctomycetota,Planctomycetes,Gemmatales,Gemmataceae,NA,0,0,0,0,102,0,0,0,0,0,0,0,0,0
ASV_ 293,Bacteria,Bacteroidota,Bacteroidia,Flavobacteriales,Flavobacteriaceae,Flavobacterium,0,0,0,0,0,0,0,44,35,0,0,0,0,23
ASV_ 294,Bacteria,Planctomycetota,Planctomycetes,Pirellulales,Pirellulaceae,NA,0,0,0,0,0,0,101,0,0,0,0,0,0,0
ASV_ 295,Bacteria,Planctomycetota,Planctomycetes,Planctomycetales,NA,NA,0,0,0,100,0,0,0,0,0,0,0,0,0,0
ASV_ 296,Bacteria,Planctomycetota,Planctomycetes,Gemmatales,Gemmataceae,NA,0,0,0,32,68,0,0,0,0,0,0,0,0,0
ASV_ 297,Bacteria,Proteobacteria,Gammaproteobacteria,Pseudomonadales,Moraxellaceae,Acinetobacter,0,0,0,0,0,0,0,0,0,0,0,99,0,0
ASV_ 298,Bacteria,Planctomycetota,Phycisphaerae,S-70,NA,NA,0,0,0,95,0,0,0,0,0,0,0,0,0,0
ASV_ 299,Bacteria,Proteobacteria,Gammaproteobacteria,Pseudomonadales,Moraxellaceae,Acinetobacter,0,0,0,0,0,94,0,0,0,0,0,0,0,0
ASV_ 3,Bacteria,Proteobacteria,Gammaproteobacteria,Enterobacterales,Aeromonadaceae,Aeromonas,12597,3341,4811,15107,34930,20135,34385,17572,15593,19103,4631,14366,6926,9121
ASV_ 30,Bacteria,Deinococcota,Deinococci,Thermales,Thermaceae,Meiothermus,0,0,0,0,0,0,0,145,0,4232,132,5761,284,46
ASV_ 300,Bacteria,Verrucomicrobiota,Verrucomicrobiae,Pedosphaerales,Pedosphaeraceae,NA,0,0,0,0,0,0,0,0,0,0,0,0,94,0
ASV_ 301,Bacteria,Planctomycetota,Planctomycetes,Planctomycetales,NA,NA,0,0,0,74,0,0,0,0,0,0,0,0,0,19
ASV_ 302,Bacteria,Proteobacteria,Alphaproteobacteria,Rhodobacterales,Rhodobacteraceae,Paracoccus,0,0,0,0,0,0,0,0,3,0,0,0,90,0
ASV_ 303,Bacteria,Proteobacteria,Gammaproteobacteria,NA,NA,NA,0,0,0,0,0,0,0,0,92,0,0,0,0,0
ASV_ 304,Bacteria,Proteobacteria,Gammaproteobacteria,Legionellales,Legionellaceae,Legionella,0,0,0,91,0,0,0,0,0,0,0,0,0,0
ASV_ 305,Bacteria,Actinobacteriota,Acidimicrobiia,Microtrichales,Iamiaceae,Iamia,0,0,0,0,63,0,28,0,0,0,0,0,0,0
ASV_ 306,Bacteria,Planctomycetota,Planctomycetes,Gemmatales,Gemmataceae,NA,0,0,0,0,0,0,0,0,91,0,0,0,0,0
ASV_ 307,Bacteria,Proteobacteria,Gammaproteobacteria,Pseudomonadales,Moraxellaceae,Acinetobacter,0,0,90,0,0,0,0,0,0,0,0,0,0,0
ASV_ 308,Bacteria,Firmicutes,Negativicutes,Veillonellales-Selenomonadales,Veillonellaceae,Veillonella,0,0,0,0,90,0,0,0,0,0,0,0,0,0
ASV_ 309,Bacteria,Proteobacteria,Gammaproteobacteria,Enterobacterales,Vibrionaceae,Vibrio,0,0,0,0,0,90,0,0,0,0,0,0,0,0
ASV_ 31,Bacteria,Bacteroidota,Bacteroidia,Bacteroidales,Tannerellaceae,Macellibacteroides,6331,0,116,94,134,0,274,0,82,549,311,1138,231,606
ASV_ 310,Bacteria,Planctomycetota,Planctomycetes,Gemmatales,Gemmataceae,NA,0,0,0,0,0,0,0,0,89,0,0,0,0,0
ASV_ 311,Bacteria,Proteobacteria,Alphaproteobacteria,Rhizobiales,NA,NA,0,0,0,0,0,0,0,0,0,0,52,0,0,36
ASV_ 312,Bacteria,Firmicutes,Negativicutes,Veillonellales-Selenomonadales,Veillonellaceae,Veillonella,0,0,0,0,87,0,0,0,0,0,0,0,0,0
ASV_ 313,Bacteria,Planctomycetota,Planctomycetes,Gemmatales,Gemmataceae,NA,0,0,0,86,0,0,0,0,0,0,0,0,0,0
ASV_ 314,Bacteria,Firmicutes,Bacilli,Thermoactinomycetales,Thermoactinomycetaceae,Thermoflavimicrobium,0,0,76,8,0,0,0,0,0,0,0,0,0,0
ASV_ 315,Bacteria,Planctomycetota,Planctomycetes,Gemmatales,Gemmataceae,NA,0,0,0,84,0,0,0,0,0,0,0,0,0,0
ASV_ 316,Bacteria,Dependentiae,Babeliae,Babeliales,Vermiphilaceae,NA,0,0,0,43,0,0,0,0,0,0,41,0,0,0
ASV_ 317,Bacteria,Proteobacteria,Gammaproteobacteria,Legionellales,Legionellaceae,Legionella,0,0,0,0,0,0,0,17,42,0,0,0,0,25
ASV_ 318,Bacteria,Firmicutes,Bacilli,Lactobacillales,Streptococcaceae,Streptococcus,0,0,0,0,73,0,9,0,0,0,0,0,0,0
ASV_ 319,Bacteria,Actinobacteriota,Actinobacteria,Micrococcales,Micrococcaceae,Kocuria,0,0,0,0,0,0,0,0,0,0,0,0,82,0
ASV_ 32,Bacteria,Actinobacteriota,Actinobacteria,Corynebacteriales,Mycobacteriaceae,Mycobacterium,54,2221,860,2536,1164,444,233,30,1102,0,555,0,223,227
ASV_ 320,Bacteria,Planctomycetota,Planctomycetes,Gemmatales,Gemmataceae,NA,0,80,0,0,0,0,0,0,0,0,0,0,0,0
ASV_ 321,Bacteria,Proteobacteria,Gammaproteobacteria,Legionellales,Legionellaceae,Legionella,0,0,0,0,0,0,0,80,0,0,0,0,0,0
ASV_ 322,Bacteria,Actinobacteriota,Actinobacteria,Micrococcales,Promicromonosporaceae,Cellulosimicrobium,0,0,0,0,0,0,0,0,0,0,48,0,0,32
ASV_ 323,Bacteria,Proteobacteria,Alphaproteobacteria,Rhodobacterales,Rhodobacteraceae,Paracoccus,0,0,79,0,0,0,0,0,0,0,0,0,0,0
ASV_ 324,Bacteria,Planctomycetota,Planctomycetes,Gemmatales,Gemmataceae,NA,0,0,0,79,0,0,0,0,0,0,0,0,0,0
ASV_ 325,Bacteria,Proteobacteria,Alphaproteobacteria,Rhizobiales,Devosiaceae,Devosia,0,0,78,0,0,0,0,0,0,0,0,0,0,0
ASV_ 326,Bacteria,Proteobacteria,Gammaproteobacteria,Pseudomonadales,Moraxellaceae,Acinetobacter,0,0,0,0,0,78,0,0,0,0,0,0,0,0
ASV_ 327,Bacteria,Proteobacteria,Gammaproteobacteria,Pseudomonadales,Moraxellaceae,Acinetobacter,0,0,0,0,0,77,0,0,0,0,0,0,0,0
ASV_ 328,Bacteria,Actinobacteriota,Actinobacteria,Propionibacteriales,Nocardioidaceae,Nocardioides,0,0,76,0,0,0,0,0,0,0,0,0,0,0
ASV_ 329,Bacteria,Chloroflexi,KD4-96,NA,NA,NA,0,0,0,0,76,0,0,0,0,0,0,0,0,0
ASV_ 33,Bacteria,Proteobacteria,Alphaproteobacteria,Sphingomonadales,Sphingomonadaceae,Sphingomonas,34,1129,424,90,124,262,71,186,494,4278,164,1363,532,92
ASV_ 330,Bacteria,Proteobacteria,Gammaproteobacteria,Burkholderiales,Comamonadaceae,Schlegelella,0,0,0,0,0,0,0,0,0,0,0,0,76,0
ASV_ 331,Bacteria,Proteobacteria,Alphaproteobacteria,Rhizobiales,Rhizobiales Incertae Sedis,Phreatobacter,0,75,0,0,0,0,0,0,0,0,0,0,0,0
ASV_ 332,Bacteria,Proteobacteria,Gammaproteobacteria,R7C24,NA,NA,0,0,75,0,0,0,0,0,0,0,0,0,0,0
ASV_ 333,Bacteria,Actinobacteriota,Actinobacteria,Corynebacteriales,Mycobacteriaceae,Mycobacterium,0,0,39,0,0,0,0,0,0,0,20,0,0,16
ASV_ 334,Bacteria,Proteobacteria,Gammaproteobacteria,Burkholderiales,Burkholderiaceae,Ralstonia,0,0,0,0,0,0,0,0,0,75,0,0,0,0
ASV_ 335,Bacteria,Actinobacteriota,Actinobacteria,Micrococcales,Micrococcaceae,Micrococcus,0,0,74,0,0,0,0,0,0,0,0,0,0,0
ASV_ 336,Bacteria,Planctomycetota,Planctomycetes,Pirellulales,Pirellulaceae,NA,0,0,0,74,0,0,0,0,0,0,0,0,0,0
ASV_ 337,Bacteria,Planctomycetota,Planctomycetes,Gemmatales,Gemmataceae,NA,0,0,0,74,0,0,0,0,0,0,0,0,0,0
ASV_ 338,Bacteria,Planctomycetota,Planctomycetes,Gemmatales,Gemmataceae,NA,0,0,0,0,73,0,0,0,0,0,0,0,0,0
ASV_ 339,Bacteria,Proteobacteria,Gammaproteobacteria,Burkholderiales,Chromobacteriaceae,Crenobacter,0,54,0,17,0,0,0,0,0,0,0,0,0,0
ASV_ 34,Bacteria,Firmicutes,Bacilli,Erysipelotrichales,Erysipelotrichaceae,ZOR0006,3974,2913,32,921,728,0,390,0,6,249,0,21,0,4
ASV_ 340,Bacteria,Proteobacteria,Alphaproteobacteria,Rhizobiales,Beijerinckiaceae,Microvirga,0,26,26,0,0,0,6,0,13,0,0,0,0,0
ASV_ 341,Bacteria,Actinobacteriota,Actinobacteria,Actinomycetales,Actinomycetaceae,Actinomyces,0,0,0,0,71,0,0,0,0,0,0,0,0,0
ASV_ 342,Bacteria,Proteobacteria,Alphaproteobacteria,Rickettsiales,Mitochondria,NA,0,0,0,0,0,0,0,8,0,0,22,0,0,41
ASV_ 343,Bacteria,Proteobacteria,Gammaproteobacteria,Coxiellales,Coxiellaceae,Coxiella,0,55,0,0,0,0,0,0,0,0,15,0,0,0
ASV_ 344,Bacteria,Actinobacteriota,Acidimicrobiia,Microtrichales,NA,NA,0,0,0,0,0,0,0,0,7,0,0,0,52,11
ASV_ 345,Bacteria,Verrucomicrobiota,Verrucomicrobiae,Chthoniobacterales,Terrimicrobiaceae,Terrimicrobium,0,0,0,68,0,0,0,0,0,0,0,0,0,0
ASV_ 346,Bacteria,Proteobacteria,Gammaproteobacteria,Pseudomonadales,Moraxellaceae,Acinetobacter,0,0,0,0,0,68,0,0,0,0,0,0,0,0
ASV_ 347,Bacteria,Firmicutes,Bacilli,Bacillales,Bacillaceae,Anaerobacillus,0,0,67,0,0,0,0,0,0,0,0,0,0,0
ASV_ 348,Bacteria,Planctomycetota,Planctomycetes,Isosphaerales,Isosphaeraceae,NA,0,0,0,67,0,0,0,0,0,0,0,0,0,0
ASV_ 349,Bacteria,Myxococcota,Polyangia,Haliangiales,Haliangiaceae,Haliangium,0,0,0,12,55,0,0,0,0,0,0,0,0,0
ASV_ 35,Bacteria,Proteobacteria,Gammaproteobacteria,Legionellales,Legionellaceae,Legionella,0,0,158,185,57,0,0,1946,1268,0,1043,649,797,957
ASV_ 350,Bacteria,Bacteroidota,Bacteroidia,Chitinophagales,Chitinophagaceae,NA,0,0,0,0,0,0,0,0,0,0,0,0,67,0
ASV_ 351,Bacteria,Bacteroidota,Bacteroidia,Bacteroidales,Barnesiellaceae,NA,0,0,0,0,0,66,0,0,0,0,0,0,0,0
ASV_ 352,Bacteria,Firmicutes,Bacilli,Bacillales,Bacillaceae,Bacillus,0,0,0,0,0,65,0,0,0,0,0,0,0,0
ASV_ 353,Bacteria,Fusobacteriota,Fusobacteriia,Fusobacteriales,Fusobacteriaceae,Cetobacterium,0,0,0,0,0,64,0,0,0,0,0,0,0,0
ASV_ 354,Bacteria,Proteobacteria,Gammaproteobacteria,Burkholderiales,Comamonadaceae,Delftia,0,0,0,0,0,0,0,0,0,0,0,0,63,0
ASV_ 355,Bacteria,Proteobacteria,Gammaproteobacteria,Pseudomonadales,Pseudomonadaceae,Pseudomonas,0,0,0,0,0,0,0,0,0,0,0,62,0,0
ASV_ 356,Bacteria,Proteobacteria,Alphaproteobacteria,Rhodobacterales,Rhodobacteraceae,Paracoccus,0,0,61,0,0,0,0,0,0,0,0,0,0,0
ASV_ 357,Bacteria,Proteobacteria,Gammaproteobacteria,NA,NA,NA,0,0,0,0,0,61,0,0,0,0,0,0,0,0
ASV_ 358,Bacteria,Proteobacteria,Gammaproteobacteria,Enterobacterales,Yersiniaceae,Serratia,0,0,0,0,0,0,0,0,0,61,0,0,0,0
ASV_ 359,Bacteria,Planctomycetota,Planctomycetes,Gemmatales,Gemmataceae,NA,0,0,0,60,0,0,0,0,0,0,0,0,0,0
ASV_ 36,Bacteria,Proteobacteria,Gammaproteobacteria,Burkholderiales,Chitinibacteraceae,Chitinibacter,0,0,15,7,7,5,13,1164,683,0,2856,267,341,1287
ASV_ 360,Bacteria,Proteobacteria,Gammaproteobacteria,NA,NA,NA,0,0,0,28,32,0,0,0,0,0,0,0,0,0
ASV_ 361,Bacteria,Chloroflexi,KD4-96,NA,NA,NA,0,0,0,14,0,0,20,0,0,0,0,0,0,26
ASV_ 362,Bacteria,Planctomycetota,Phycisphaerae,S-70,NA,NA,0,0,0,0,38,0,0,0,22,0,0,0,0,0
ASV_ 363,Bacteria,Proteobacteria,Gammaproteobacteria,Diplorickettsiales,Diplorickettsiaceae,Aquicella,0,0,0,0,16,0,0,0,0,0,44,0,0,0
ASV_ 364,Bacteria,Proteobacteria,Gammaproteobacteria,Pseudomonadales,Moraxellaceae,Acinetobacter,0,0,0,0,0,60,0,0,0,0,0,0,0,0
ASV_ 365,Bacteria,Bacteroidota,Bacteroidia,Flavobacteriales,Crocinitomicaceae,Fluviicola,0,0,0,0,0,0,0,60,0,0,0,0,0,0
ASV_ 366,Bacteria,Proteobacteria,Gammaproteobacteria,Pseudomonadales,NA,NA,4,0,14,0,5,0,0,0,0,0,14,0,22,0
ASV_ 367,Bacteria,Bacteroidota,Bacteroidia,Flavobacteriales,Weeksellaceae,Empedobacter,0,0,0,0,26,0,0,0,32,0,0,0,0,0
ASV_ 368,Bacteria,Planctomycetota,Planctomycetes,Pirellulales,Pirellulaceae,NA,0,0,0,0,0,0,0,58,0,0,0,0,0,0
ASV_ 369,Bacteria,Proteobacteria,Gammaproteobacteria,Xanthomonadales,Xanthomonadaceae,Luteimonas,0,0,0,0,0,0,0,0,48,0,0,0,0,9
ASV_ 37,Bacteria,Actinobacteriota,Actinobacteria,Micrococcales,Microbacteriaceae,Microbacterium,124,1587,853,532,216,0,537,136,1415,0,442,117,385,274
ASV_ 370,Bacteria,Proteobacteria,Alphaproteobacteria,Rhizobiales,Rhizobiaceae,Shinella,0,0,0,17,0,0,0,11,28,0,0,0,0,0
ASV_ 371,Bacteria,Firmicutes,Negativicutes,Veillonellales-Selenomonadales,Veillonellaceae,Veillonella,0,0,0,0,56,0,0,0,0,0,0,0,0,0
ASV_ 372,Bacteria,Proteobacteria,Alphaproteobacteria,Rhizobiales,Methyloligellaceae,NA,0,0,0,0,0,0,0,0,54,0,0,0,0,0
ASV_ 373,Bacteria,Actinobacteriota,Actinobacteria,Corynebacteriales,Corynebacteriaceae,Corynebacterium,53,0,0,0,0,0,0,0,0,0,0,0,0,0
ASV_ 374,Bacteria,Bacteroidota,Bacteroidia,Bacteroidales,Porphyromonadaceae,Porphyromonas,0,0,0,0,53,0,0,0,0,0,0,0,0,0
ASV_ 375,Bacteria,Proteobacteria,Gammaproteobacteria,Burkholderiales,Burkholderiales Incertae Sedis,Candidatus Branchiomonas,0,0,0,0,0,0,0,53,0,0,0,0,0,0
ASV_ 376,Bacteria,Proteobacteria,Alphaproteobacteria,Rhizobiales,Devosiaceae,Devosia,0,0,52,0,0,0,0,0,0,0,0,0,0,0
ASV_ 377,Bacteria,Proteobacteria,Alphaproteobacteria,Rhizobiales,Xanthobacteraceae,Bradyrhizobium,0,0,0,0,10,0,0,0,42,0,0,0,0,0
ASV_ 378,Bacteria,Planctomycetota,Planctomycetes,Gemmatales,Gemmataceae,NA,0,0,0,0,0,0,0,0,0,0,0,0,0,52
ASV_ 379,Bacteria,Actinobacteriota,Actinobacteria,Corynebacteriales,Corynebacteriaceae,Corynebacterium,0,0,0,0,51,0,0,0,0,0,0,0,0,0
ASV_ 38,Bacteria,Proteobacteria,Gammaproteobacteria,Burkholderiales,Comamonadaceae,NA,0,17,0,152,124,17,34,4105,246,0,658,149,254,860
ASV_ 380,Bacteria,Actinobacteriota,Actinobacteria,Propionibacteriales,Propionibacteriaceae,Friedmanniella,0,0,0,0,0,0,0,0,51,0,0,0,0,0
ASV_ 381,Bacteria,Actinobacteriota,Acidimicrobiia,IMCC26256,NA,NA,0,0,0,27,23,0,0,0,0,0,0,0,0,0
ASV_ 382,Bacteria,Actinobacteriota,Actinobacteria,Micrococcales,Micrococcaceae,Micrococcus,0,0,0,0,50,0,0,0,0,0,0,0,0,0
ASV_ 383,Bacteria,Firmicutes,Clostridia,Peptostreptococcales-Tissierellales,Family XI,Tepidimicrobium,0,0,0,0,0,0,50,0,0,0,0,0,0,0
ASV_ 384,Bacteria,Proteobacteria,Alphaproteobacteria,Rickettsiales,Rickettsiaceae,NA,0,0,0,0,0,0,0,37,0,0,13,0,0,0
ASV_ 385,Bacteria,Proteobacteria,Gammaproteobacteria,Pseudomonadales,Moraxellaceae,Enhydrobacter,0,0,49,0,0,0,0,0,0,0,0,0,0,0
ASV_ 386,Bacteria,Proteobacteria,Gammaproteobacteria,Pseudomonadales,Moraxellaceae,Enhydrobacter,0,0,48,0,0,0,0,0,0,0,0,0,0,0
ASV_ 387,Bacteria,Dependentiae,Babeliae,Babeliales,Babeliaceae,NA,0,0,0,48,0,0,0,0,0,0,0,0,0,0
ASV_ 388,Bacteria,Proteobacteria,Alphaproteobacteria,Rhizobiales,Hyphomicrobiaceae,Hyphomicrobium,0,0,0,0,0,0,29,0,0,0,19,0,0,0
ASV_ 389,Bacteria,Myxococcota,Polyangia,Polyangiales,Polyangiaceae,Pajaroellobacter,0,0,0,0,0,0,18,0,22,0,8,0,0,0
ASV_ 39,Bacteria,Proteobacteria,Gammaproteobacteria,Enterobacterales,Shewanellaceae,Shewanella,175,236,185,75,136,99,131,641,335,215,348,2176,1126,606
ASV_ 390,Bacteria,Firmicutes,Bacilli,Lactobacillales,Lactobacillaceae,Lactobacillus,0,0,0,0,47,0,0,0,0,0,0,0,0,0
ASV_ 391,Bacteria,Planctomycetota,Planctomycetes,Gemmatales,Gemmataceae,NA,0,0,0,0,0,0,0,0,0,0,0,0,0,47
ASV_ 392,Bacteria,Actinobacteriota,Actinobacteria,Actinomycetales,Actinomycetaceae,Actinomyces,0,0,0,0,46,0,0,0,0,0,0,0,0,0
ASV_ 393,Bacteria,Chloroflexi,Anaerolineae,RBG-13-54-9,NA,NA,0,0,0,0,46,0,0,0,0,0,0,0,0,0
ASV_ 394,Bacteria,Fusobacteriota,Fusobacteriia,Fusobacteriales,Fusobacteriaceae,Cetobacterium,0,0,0,0,0,0,0,0,0,0,0,45,0,0
ASV_ 395,Bacteria,Proteobacteria,Gammaproteobacteria,Legionellales,Legionellaceae,Legionella,0,0,0,0,0,0,0,0,0,0,0,0,19,26
ASV_ 396,Bacteria,Actinobacteriota,Acidimicrobiia,Microtrichales,Microtrichaceae,IMCC26207,0,44,0,0,0,0,0,0,0,0,0,0,0,0
ASV_ 397,Bacteria,Firmicutes,Bacilli,Erysipelotrichales,Erysipelotrichaceae,ZOR0006,0,44,0,0,0,0,0,0,0,0,0,0,0,0
ASV_ 398,Bacteria,Firmicutes,Bacilli,Lactobacillales,Carnobacteriaceae,Atopostipes,0,0,0,0,0,44,0,0,0,0,0,0,0,0
ASV_ 399,Bacteria,Planctomycetota,Planctomycetes,Gemmatales,Gemmataceae,Fimbriiglobus,0,0,0,0,0,0,0,0,0,0,0,0,0,43
ASV_ 4,Bacteria,Firmicutes,Bacilli,Erysipelotrichales,Erysipelotrichaceae,ZOR0006,1944,23816,60403,27480,10592,256,22489,2130,6384,3164,7331,6140,7399,2480
ASV_ 40,Bacteria,Proteobacteria,Gammaproteobacteria,Enterobacterales,Vibrionaceae,Vibrio,193,0,0,0,0,4592,408,43,0,0,0,1036,50,24
ASV_ 400,Bacteria,Proteobacteria,Alphaproteobacteria,Rhizobiales,Beijerinckiaceae,Bosea,0,42,0,0,0,0,0,0,0,0,0,0,0,0
ASV_ 401,Bacteria,Proteobacteria,Gammaproteobacteria,Pseudomonadales,Moraxellaceae,Acinetobacter,0,0,0,0,0,42,0,0,0,0,0,0,0,0
ASV_ 402,Bacteria,Verrucomicrobiota,Verrucomicrobiae,Verrucomicrobiales,Rubritaleaceae,Luteolibacter,0,0,0,0,0,0,0,0,0,0,0,0,42,0
ASV_ 403,Bacteria,Firmicutes,Bacilli,Brevibacillales,Brevibacillaceae,Brevibacillus,0,0,0,23,0,0,0,18,0,0,0,0,0,0
ASV_ 404,Bacteria,Actinobacteriota,Acidimicrobiia,IMCC26256,NA,NA,0,0,0,0,41,0,0,0,0,0,0,0,0,0
ASV_ 405,Bacteria,Actinobacteriota,Actinobacteria,Frankiales,NA,NA,0,0,0,0,0,41,0,0,0,0,0,0,0,0
ASV_ 406,Bacteria,Actinobacteriota,Acidimicrobiia,Microtrichales,NA,NA,0,0,0,0,0,0,0,0,41,0,0,0,0,0
ASV_ 407,Bacteria,Proteobacteria,Alphaproteobacteria,Rhizobiales,Xanthobacteraceae,Starkeya,0,0,40,0,0,0,0,0,0,0,0,0,0,0
ASV_ 408,Bacteria,Proteobacteria,Gammaproteobacteria,Burkholderiales,Chitinibacteraceae,Chitinilyticum,0,0,0,0,40,0,0,0,0,0,0,0,0,0
ASV_ 409,Bacteria,Planctomycetota,Planctomycetes,Planctomycetales,NA,NA,0,0,0,0,0,0,0,0,0,0,40,0,0,0
ASV_ 41,Bacteria,Actinobacteriota,Actinobacteria,Corynebacteriales,Mycobacteriaceae,Mycobacterium,0,1738,297,900,480,440,215,93,834,0,422,121,237,324
ASV_ 410,Bacteria,Firmicutes,Bacilli,Bacillales,Bacillaceae,Bacillus,0,0,0,0,0,29,10,0,0,0,0,0,0,0
ASV_ 411,Bacteria,Proteobacteria,Gammaproteobacteria,Salinisphaerales,Solimonadaceae,NA,0,0,0,0,0,0,39,0,0,0,0,0,0,0
ASV_ 412,Bacteria,Proteobacteria,Gammaproteobacteria,Pseudomonadales,Moraxellaceae,Acinetobacter,0,0,0,0,0,0,0,39,0,0,0,0,0,0
ASV_ 413,Bacteria,Proteobacteria,Gammaproteobacteria,Xanthomonadales,Xanthomonadaceae,Vulcaniibacterium,0,0,0,0,0,0,0,0,0,0,0,0,39,0
ASV_ 414,Bacteria,Proteobacteria,Gammaproteobacteria,Burkholderiales,Neisseriaceae,Kingella,0,0,0,0,38,0,0,0,0,0,0,0,0,0
ASV_ 415,Bacteria,Cyanobacteria,Cyanobacteriia,Cyanobacteriales,Chroococcidiopsaceae,NA,0,0,0,0,0,38,0,0,0,0,0,0,0,0
ASV_ 416,Bacteria,Acidobacteriota,Blastocatellia,11-24,NA,NA,0,0,0,0,0,0,0,0,0,0,38,0,0,0
ASV_ 417,Bacteria,Actinobacteriota,Actinobacteria,Corynebacteriales,Mycobacteriaceae,Mycobacterium,0,0,0,0,0,0,0,0,0,0,15,0,0,23
ASV_ 418,Bacteria,Firmicutes,Clostridia,Peptostreptococcales-Tissierellales,Family XI,Anaerococcus,0,0,0,0,37,0,0,0,0,0,0,0,0,0
ASV_ 419,Bacteria,Planctomycetota,Planctomycetes,Gemmatales,Gemmataceae,NA,0,0,0,0,0,0,0,37,0,0,0,0,0,0
ASV_ 42,Bacteria,Planctomycetota,Planctomycetes,Pirellulales,Pirellulaceae,Pir4 lineage,20,3618,625,953,364,0,49,10,71,0,110,0,0,69
ASV_ 420,Bacteria,Actinobacteriota,Actinobacteria,Micrococcales,Brevibacteriaceae,Brevibacterium,0,0,0,0,0,0,36,0,0,0,0,0,0,0
ASV_ 421,Bacteria,Proteobacteria,Gammaproteobacteria,Legionellales,Legionellaceae,Legionella,0,0,0,0,0,0,0,0,0,0,36,0,0,0
ASV_ 422,Bacteria,Planctomycetota,Planctomycetes,Planctomycetales,Rubinisphaeraceae,SH-PL14,0,0,0,0,0,0,0,0,0,0,0,0,0,36
ASV_ 423,Bacteria,Proteobacteria,Gammaproteobacteria,Legionellales,Legionellaceae,Legionella,0,0,0,15,20,0,0,0,0,0,0,0,0,0
ASV_ 424,Bacteria,Proteobacteria,Alphaproteobacteria,Rhizobiales,Hyphomicrobiaceae,Hyphomicrobium,0,0,0,0,21,0,0,0,0,0,14,0,0,0
ASV_ 425,Bacteria,Proteobacteria,Gammaproteobacteria,Pseudomonadales,Moraxellaceae,Acinetobacter,0,0,0,0,0,35,0,0,0,0,0,0,0,0
ASV_ 426,Bacteria,Planctomycetota,Phycisphaerae,S-70,NA,NA,0,0,0,0,0,0,35,0,0,0,0,0,0,0
ASV_ 427,Bacteria,Planctomycetota,Planctomycetes,Pirellulales,Pirellulaceae,NA,0,0,0,0,0,0,34,0,0,0,0,0,0,0
ASV_ 428,Bacteria,Proteobacteria,Gammaproteobacteria,Xanthomonadales,Xanthomonadaceae,Pseudoxanthomonas,0,0,0,0,0,0,0,0,34,0,0,0,0,0
ASV_ 429,Bacteria,Proteobacteria,Alphaproteobacteria,Caulobacterales,Caulobacteraceae,Phenylobacterium,0,33,0,0,0,0,0,0,0,0,0,0,0,0
ASV_ 43,Bacteria,Proteobacteria,Gammaproteobacteria,Burkholderiales,Chromobacteriaceae,Crenobacter,290,1363,113,1004,847,0,75,490,255,306,295,62,46,448
ASV_ 430,Bacteria,Firmicutes,Bacilli,Lactobacillales,Streptococcaceae,Streptococcus,0,0,0,0,33,0,0,0,0,0,0,0,0,0
ASV_ 431,Bacteria,Planctomycetota,Planctomycetes,Gemmatales,Gemmataceae,NA,0,0,0,0,0,0,0,0,0,0,0,0,0,33
ASV_ 432,Bacteria,Proteobacteria,Alphaproteobacteria,Rhizobiales,Rhizobiaceae,NA,0,16,0,16,0,0,0,0,0,0,0,0,0,0
ASV_ 433,Bacteria,Planctomycetota,Planctomycetes,Planctomycetales,Schlesneriaceae,Schlesneria,0,0,19,6,0,0,0,0,0,0,7,0,0,0
ASV_ 434,Bacteria,Actinobacteriota,Acidimicrobiia,NA,NA,NA,0,0,0,6,0,0,0,0,0,0,11,0,0,15
ASV_ 435,Bacteria,Actinobacteriota,Actinobacteria,Frankiales,Geodermatophilaceae,Blastococcus,0,0,0,0,32,0,0,0,0,0,0,0,0,0
ASV_ 436,Bacteria,Planctomycetota,Planctomycetes,Pirellulales,Pirellulaceae,Pirellula,0,0,0,0,0,0,32,0,0,0,0,0,0,0
ASV_ 437,Bacteria,Proteobacteria,Gammaproteobacteria,Legionellales,Legionellaceae,Legionella,0,0,0,0,0,0,0,0,0,0,0,0,0,32
ASV_ 438,Bacteria,Bacteroidota,Bacteroidia,Bacteroidales,Prevotellaceae,Prevotella_7,0,0,0,0,31,0,0,0,0,0,0,0,0,0
ASV_ 439,Bacteria,Planctomycetota,Planctomycetes,Pirellulales,Pirellulaceae,NA,0,0,0,0,31,0,0,0,0,0,0,0,0,0
ASV_ 44,Bacteria,Bacteroidota,Bacteroidia,Bacteroidales,Bacteroidaceae,Bacteroides,1770,0,27,47,181,819,455,11,120,344,240,176,507,845
ASV_ 440,Bacteria,Proteobacteria,Alphaproteobacteria,Rhizobiales,Rhizobiaceae,Allorhizobium-Neorhizobium-Pararhizobium-Rhizobium,0,20,0,10,0,0,0,0,0,0,0,0,0,0
ASV_ 441,Bacteria,Proteobacteria,Gammaproteobacteria,Diplorickettsiales,Diplorickettsiaceae,Aquicella,0,0,0,30,0,0,0,0,0,0,0,0,0,0
ASV_ 442,Bacteria,Proteobacteria,Alphaproteobacteria,Rhizobiales,Hyphomicrobiaceae,Hyphomicrobium,0,0,0,0,0,0,30,0,0,0,0,0,0,0
ASV_ 443,Bacteria,Actinobacteriota,Actinobacteria,Corynebacteriales,Nocardiaceae,NA,0,0,0,0,0,0,13,0,17,0,0,0,0,0
ASV_ 444,Bacteria,Actinobacteriota,Actinobacteria,Frankiales,NA,NA,0,0,0,0,0,0,0,0,30,0,0,0,0,0
ASV_ 445,Bacteria,Proteobacteria,Alphaproteobacteria,Rhizobiales,Beijerinckiaceae,Methylobacterium-Methylorubrum,0,0,0,0,0,0,0,0,5,9,0,10,6,0
ASV_ 446,Bacteria,Firmicutes,Bacilli,Paenibacillales,Paenibacillaceae,Paenibacillus,0,0,0,0,0,0,0,0,0,29,0,0,0,0
ASV_ 447,Bacteria,Proteobacteria,Alphaproteobacteria,Acetobacterales,Acetobacteraceae,Roseomonas,0,0,0,0,0,0,0,0,0,12,6,11,0,0
ASV_ 448,Bacteria,Proteobacteria,Alphaproteobacteria,Rhizobiales,Rhizobiales Incertae Sedis,Phreatobacter,0,0,0,23,5,0,0,0,0,0,0,0,0,0
ASV_ 449,Bacteria,Firmicutes,Bacilli,Staphylococcales,Staphylococcaceae,Staphylococcus,0,0,0,0,0,0,28,0,0,0,0,0,0,0
ASV_ 45,Bacteria,Proteobacteria,Gammaproteobacteria,Burkholderiales,Sutterellaceae,NA,414,468,0,344,344,0,186,0,205,697,674,126,1185,817
ASV_ 450,Bacteria,Proteobacteria,Gammaproteobacteria,Legionellales,Legionellaceae,Legionella,0,0,0,0,0,0,0,10,0,0,0,0,0,18
ASV_ 451,Bacteria,Myxococcota,Myxococcia,Myxococcales,Myxococcaceae,P3OB-42,0,0,0,0,0,0,0,0,28,0,0,0,0,0
ASV_ 452,Bacteria,Planctomycetota,Planctomycetes,Gemmatales,Gemmataceae,NA,0,0,0,0,0,0,0,0,0,0,28,0,0,0
ASV_ 453,Bacteria,Fusobacteriota,Fusobacteriia,Fusobacteriales,Fusobacteriaceae,Cetobacterium,0,0,0,0,0,0,0,0,0,0,0,0,0,28
ASV_ 454,Bacteria,Proteobacteria,Gammaproteobacteria,Steroidobacterales,Steroidobacteraceae,Steroidobacter,0,0,0,27,0,0,0,0,0,0,0,0,0,0
ASV_ 455,Bacteria,Proteobacteria,Alphaproteobacteria,Caulobacterales,Caulobacteraceae,Caulobacter,0,0,16,10,0,0,0,0,0,0,0,0,0,0
ASV_ 456,Bacteria,Actinobacteriota,Actinobacteria,Corynebacteriales,Nocardiaceae,Gordonia,0,0,0,26,0,0,0,0,0,0,0,0,0,0
ASV_ 457,Bacteria,NA,NA,NA,NA,NA,0,0,0,26,0,0,0,0,0,0,0,0,0,0
ASV_ 458,Bacteria,Actinobacteriota,Actinobacteria,Corynebacteriales,Mycobacteriaceae,Mycobacterium,0,0,0,8,0,0,0,0,0,0,18,0,0,0
ASV_ 459,Bacteria,Proteobacteria,Gammaproteobacteria,Pseudomonadales,Moraxellaceae,Acinetobacter,0,0,0,0,26,0,0,0,0,0,0,0,0,0
ASV_ 46,Bacteria,Planctomycetota,Planctomycetes,Gemmatales,Gemmataceae,NA,0,2972,134,827,767,0,53,0,510,0,48,0,0,32
ASV_ 460,Bacteria,Proteobacteria,Gammaproteobacteria,Pseudomonadales,Pseudomonadaceae,Pseudomonas,0,0,0,0,0,0,0,6,9,0,0,0,11,0
ASV_ 461,Bacteria,Proteobacteria,Alphaproteobacteria,Rhizobiales,Hyphomicrobiaceae,Pedomicrobium,0,0,0,0,0,0,0,0,10,0,16,0,0,0
ASV_ 462,Bacteria,Verrucomicrobiota,Verrucomicrobiae,Verrucomicrobiales,Rubritaleaceae,Luteolibacter,0,0,0,25,0,0,0,0,0,0,0,0,0,0
ASV_ 463,Bacteria,Proteobacteria,Alphaproteobacteria,NA,NA,NA,0,0,0,25,0,0,0,0,0,0,0,0,0,0
ASV_ 464,Bacteria,Bacteroidota,Bacteroidia,Bacteroidales,Paludibacteraceae,F0058,0,0,0,0,25,0,0,0,0,0,0,0,0,0
ASV_ 465,Bacteria,Firmicutes,Bacilli,Bacillales,Bacillaceae,Bacillus,0,0,0,0,0,25,0,0,0,0,0,0,0,0
ASV_ 466,Bacteria,Firmicutes,Bacilli,Staphylococcales,Staphylococcaceae,Staphylococcus,0,0,0,0,0,0,25,0,0,0,0,0,0,0
ASV_ 467,Bacteria,Actinobacteriota,Actinobacteria,Corynebacteriales,Mycobacteriaceae,Mycobacterium,0,0,0,0,24,0,0,0,0,0,0,0,0,0
ASV_ 468,Bacteria,Actinobacteriota,Thermoleophilia,Solirubrobacterales,67-14,NA,0,0,0,0,23,0,0,0,0,0,0,0,0,0
ASV_ 469,Bacteria,Actinobacteriota,Actinobacteria,Corynebacteriales,Corynebacteriaceae,Corynebacterium,0,0,0,0,23,0,0,0,0,0,0,0,0,0
ASV_ 47,Bacteria,Actinobacteriota,Actinobacteria,Corynebacteriales,Corynebacteriaceae,Lawsonella,58,2638,668,79,96,785,129,0,0,503,38,0,180,68
ASV_ 470,Bacteria,Planctomycetota,Planctomycetes,Gemmatales,Gemmataceae,Gemmata,0,0,0,0,23,0,0,0,0,0,0,0,0,0
ASV_ 471,Bacteria,Firmicutes,Bacilli,Staphylococcales,Staphylococcaceae,Jeotgalicoccus,0,0,0,0,0,0,23,0,0,0,0,0,0,0
ASV_ 472,Bacteria,Actinobacteriota,Actinobacteria,Corynebacteriales,Dietziaceae,Dietzia,0,0,0,0,0,0,0,23,0,0,0,0,0,0
ASV_ 473,Bacteria,Fusobacteriota,Fusobacteriia,Fusobacteriales,Fusobacteriaceae,Fusobacterium,0,0,0,0,22,0,0,0,0,0,0,0,0,0
ASV_ 474,Bacteria,Firmicutes,Bacilli,Paenibacillales,Paenibacillaceae,Paenibacillus,0,0,0,0,10,0,0,0,12,0,0,0,0,0
ASV_ 475,Bacteria,Firmicutes,Clostridia,Peptostreptococcales-Tissierellales,Family XI,Anaerosalibacter,0,0,0,0,0,0,22,0,0,0,0,0,0,0
ASV_ 476,Bacteria,Proteobacteria,Alphaproteobacteria,Rhizobiales,Stappiaceae,Pannonibacter,0,0,0,0,0,0,0,7,15,0,0,0,0,0
ASV_ 477,Bacteria,Planctomycetota,Planctomycetes,Gemmatales,Gemmataceae,Gemmata,0,0,0,0,21,0,0,0,0,0,0,0,0,0
ASV_ 478,Bacteria,Actinobacteriota,Actinobacteria,Propionibacteriales,Nocardioidaceae,Nocardioides,0,0,0,0,21,0,0,0,0,0,0,0,0,0
ASV_ 479,Bacteria,Actinobacteriota,Actinobacteria,Corynebacteriales,Corynebacteriaceae,NA,0,0,0,0,0,0,21,0,0,0,0,0,0,0
ASV_ 48,Bacteria,Proteobacteria,Alphaproteobacteria,Rhizobiales,Beijerinckiaceae,Bosea,42,2634,586,497,192,35,175,83,211,60,338,79,73,144
ASV_ 480,Bacteria,Proteobacteria,Gammaproteobacteria,NA,NA,NA,0,0,0,0,0,0,0,0,0,0,21,0,0,0
ASV_ 481,Bacteria,Proteobacteria,Alphaproteobacteria,Rhizobiales,Rhizobiales Incertae Sedis,Nordella,0,10,0,5,0,0,0,0,5,0,0,0,0,0
ASV_ 482,Bacteria,Proteobacteria,Alphaproteobacteria,Rhizobiales,Hyphomicrobiaceae,Pedomicrobium,0,0,0,20,0,0,0,0,0,0,0,0,0,0
ASV_ 483,Bacteria,Actinobacteriota,Actinobacteria,Micrococcales,Microbacteriaceae,Microbacterium,0,0,0,20,0,0,0,0,0,0,0,0,0,0
ASV_ 484,Bacteria,Firmicutes,Bacilli,Lactobacillales,Carnobacteriaceae,Carnobacterium,0,0,0,0,20,0,0,0,0,0,0,0,0,0
ASV_ 485,Bacteria,Firmicutes,Bacilli,Bacillales,Bacillaceae,Bacillus,0,0,0,0,11,0,0,0,0,0,9,0,0,0
ASV_ 486,Bacteria,Planctomycetota,Planctomycetes,Gemmatales,Gemmataceae,NA,0,0,0,0,0,0,20,0,0,0,0,0,0,0
ASV_ 487,Bacteria,Proteobacteria,Alphaproteobacteria,Rhizobiales,Rhizobiales Incertae Sedis,Phreatobacter,0,0,0,0,0,0,0,0,20,0,0,0,0,0
ASV_ 488,Bacteria,Actinobacteriota,Actinobacteria,Corynebacteriales,Corynebacteriaceae,Corynebacterium,0,0,0,0,0,0,0,0,0,0,20,0,0,0
ASV_ 489,Bacteria,Planctomycetota,Planctomycetes,Gemmatales,Gemmataceae,NA,0,0,0,0,0,0,0,0,0,0,20,0,0,0
ASV_ 49,Bacteria,Planctomycetota,Planctomycetes,Pirellulales,Pirellulaceae,Pirellula,0,0,0,0,0,0,0,0,249,0,654,803,419,2077
ASV_ 490,Bacteria,Proteobacteria,Gammaproteobacteria,Burkholderiales,Burkholderiaceae,Pandoraea,0,0,0,0,0,0,0,0,0,0,11,9,0,0
ASV_ 491,Bacteria,Proteobacteria,Gammaproteobacteria,Legionellales,Legionellaceae,Legionella,0,0,0,0,0,0,0,0,0,0,0,0,0,20
ASV_ 492,Bacteria,Planctomycetota,Planctomycetes,Gemmatales,Gemmataceae,NA,0,0,0,0,0,0,0,0,0,0,0,0,0,20
ASV_ 493,Bacteria,Proteobacteria,Alphaproteobacteria,Rhizobiales,Xanthobacteraceae,Pseudorhodoplanes,0,1,2,0,1,6,4,0,0,0,5,0,0,0
ASV_ 494,Bacteria,Proteobacteria,Gammaproteobacteria,Coxiellales,Coxiellaceae,Coxiella,0,0,0,19,0,0,0,0,0,0,0,0,0,0
ASV_ 495,Bacteria,Proteobacteria,Alphaproteobacteria,Rhizobiales,Methyloligellaceae,NA,0,0,0,8,0,0,0,0,0,0,11,0,0,0
ASV_ 496,Bacteria,Proteobacteria,Gammaproteobacteria,Diplorickettsiales,Diplorickettsiaceae,NA,0,0,0,0,19,0,0,0,0,0,0,0,0,0
ASV_ 497,Bacteria,Proteobacteria,Gammaproteobacteria,Legionellales,Legionellaceae,Legionella,0,0,0,0,0,0,19,0,0,0,0,0,0,0
ASV_ 498,Bacteria,Actinobacteriota,Actinobacteria,Micrococcales,Microbacteriaceae,Pseudoclavibacter,0,0,0,0,0,0,19,0,0,0,0,0,0,0
ASV_ 499,Bacteria,Planctomycetota,Planctomycetes,Planctomycetales,Schlesneriaceae,Planctopirus,0,0,0,0,0,0,0,0,19,0,0,0,0,0
ASV_ 5,Bacteria,Verrucomicrobiota,Verrucomicrobiae,Verrucomicrobiales,Rubritaleaceae,Luteolibacter,89,9517,6394,46719,25952,1256,11022,5793,8141,1279,14841,2225,3422,14309
ASV_ 50,Bacteria,Proteobacteria,Gammaproteobacteria,Gammaproteobacteria Incertae Sedis,Unknown Family,NA,0,0,0,39,0,0,0,72,0,662,1016,422,1534,374
ASV_ 500,Bacteria,Fusobacteriota,Fusobacteriia,Fusobacteriales,Fusobacteriaceae,Cetobacterium,0,0,0,0,0,0,0,0,0,0,0,19,0,0
ASV_ 501,Bacteria,Planctomycetota,Planctomycetes,Gemmatales,Gemmataceae,NA,0,0,0,0,0,0,0,0,0,0,0,0,0,19
ASV_ 502,Bacteria,Myxococcota,bacteriap25,NA,NA,NA,0,0,0,18,0,0,0,0,0,0,0,0,0,0
ASV_ 503,Bacteria,Chloroflexi,NA,NA,NA,NA,0,0,0,0,12,0,0,0,6,0,0,0,0,0
ASV_ 504,Bacteria,Proteobacteria,Alphaproteobacteria,Caulobacterales,Caulobacteraceae,Brevundimonas,0,0,0,0,0,0,0,18,0,0,0,0,0,0
ASV_ 505,Bacteria,Proteobacteria,Alphaproteobacteria,Rhodobacterales,Rhodobacteraceae,Paracoccus,0,0,0,0,0,0,0,0,18,0,0,0,0,0
ASV_ 506,Bacteria,Firmicutes,Bacilli,Bacillales,Bacillaceae,Bacillus,0,0,0,0,0,0,0,0,18,0,0,0,0,0
ASV_ 507,Bacteria,Actinobacteriota,Actinobacteria,Corynebacteriales,Corynebacteriaceae,Corynebacterium,0,0,0,0,0,0,0,0,0,0,18,0,0,0
ASV_ 508,Bacteria,Proteobacteria,Alphaproteobacteria,Acetobacterales,Acetobacteraceae,Roseomonas,0,0,0,0,0,0,0,0,0,0,0,0,18,0
ASV_ 509,Bacteria,Proteobacteria,Gammaproteobacteria,NA,NA,NA,0,0,0,0,0,0,0,0,0,0,0,0,0,18
ASV_ 51,Bacteria,Proteobacteria,Alphaproteobacteria,Rhodobacterales,Rhodobacteraceae,Tabrizicola,18,1179,594,417,301,88,316,18,168,91,319,43,148,218
ASV_ 510,Bacteria,Actinobacteriota,Actinobacteria,Propionibacteriales,Propionibacteriaceae,Cutibacterium,4,0,0,0,0,0,13,0,0,0,0,0,0,0
ASV_ 511,Bacteria,Proteobacteria,Gammaproteobacteria,Burkholderiales,Rhodocyclaceae,Azospira,0,0,17,0,0,0,0,0,0,0,0,0,0,0
ASV_ 512,Bacteria,Proteobacteria,Alphaproteobacteria,Reyranellales,Reyranellaceae,Reyranella,0,0,0,17,0,0,0,0,0,0,0,0,0,0
ASV_ 513,Bacteria,Actinobacteriota,Thermoleophilia,Gaiellales,Gaiellaceae,Gaiella,0,0,0,17,0,0,0,0,0,0,0,0,0,0
ASV_ 514,Bacteria,Actinobacteriota,Actinobacteria,Micrococcales,Micrococcaceae,Glutamicibacter,0,0,0,0,0,0,17,0,0,0,0,0,0,0
ASV_ 515,Bacteria,Actinobacteriota,Thermoleophilia,Gaiellales,NA,NA,0,0,0,0,0,0,0,0,0,0,0,0,17,0
ASV_ 516,Bacteria,Proteobacteria,Gammaproteobacteria,Pseudomonadales,Moraxellaceae,Enhydrobacter,0,0,16,0,0,0,0,0,0,0,0,0,0,0
ASV_ 517,Bacteria,Actinobacteriota,Actinobacteria,Corynebacteriales,Nocardiaceae,NA,0,0,0,16,0,0,0,0,0,0,0,0,0,0
ASV_ 518,Bacteria,Proteobacteria,Alphaproteobacteria,Reyranellales,Reyranellaceae,Reyranella,0,0,0,7,0,0,0,0,0,0,3,0,0,6
ASV_ 519,Bacteria,Firmicutes,Bacilli,Lactobacillales,Lactobacillaceae,Limosilactobacillus,0,0,0,0,0,0,16,0,0,0,0,0,0,0
ASV_ 52,Bacteria,Proteobacteria,Gammaproteobacteria,Xanthomonadales,Xanthomonadaceae,Silanimonas,11,0,67,288,386,0,15,314,44,187,478,0,1146,948
ASV_ 520,Bacteria,Firmicutes,Bacilli,Erysipelotrichales,Erysipelotrichaceae,ZOR0006,0,0,0,0,0,0,16,0,0,0,0,0,0,0
ASV_ 521,Bacteria,Firmicutes,Bacilli,Brevibacillales,Brevibacillaceae,Brevibacillus,0,0,0,0,0,0,9,0,7,0,0,0,0,0
ASV_ 522,Bacteria,Actinobacteriota,Actinobacteria,Corynebacteriales,Corynebacteriaceae,Corynebacterium,0,0,0,0,0,0,0,16,0,0,0,0,0,0
ASV_ 523,Bacteria,Actinobacteriota,Actinobacteria,Frankiales,NA,NA,0,0,0,0,0,0,0,0,16,0,0,0,0,0
ASV_ 524,Bacteria,Planctomycetota,Planctomycetes,Gemmatales,Gemmataceae,NA,0,0,0,0,0,0,0,0,16,0,0,0,0,0
ASV_ 525,Bacteria,Planctomycetota,Planctomycetes,Planctomycetales,Schlesneriaceae,Planctopirus,0,0,15,0,0,0,0,0,0,0,0,0,0,0
ASV_ 526,Bacteria,Firmicutes,Bacilli,Bacillales,Bacillaceae,Bacillus,0,0,0,0,15,0,0,0,0,0,0,0,0,0
ASV_ 527,Bacteria,Firmicutes,Bacilli,Bacillales,Bacillaceae,NA,0,0,0,0,15,0,0,0,0,0,0,0,0,0
ASV_ 528,Bacteria,Proteobacteria,Gammaproteobacteria,Enterobacterales,Enterobacteriaceae,Klebsiella,0,0,0,0,0,0,0,0,0,0,15,0,0,0
ASV_ 529,Bacteria,Proteobacteria,Gammaproteobacteria,Gammaproteobacteria Incertae Sedis,Unknown Family,Candidatus Berkiella,0,0,0,14,0,0,0,0,0,0,0,0,0,0
ASV_ 53,Bacteria,Planctomycetota,Planctomycetes,Gemmatales,Gemmataceae,Gemmata,0,1277,0,1727,91,0,3,0,342,247,0,0,0,54
ASV_ 530,Bacteria,Planctomycetota,Planctomycetes,Pirellulales,Pirellulaceae,Pir4 lineage,0,0,0,0,14,0,0,0,0,0,0,0,0,0
ASV_ 531,Bacteria,Actinobacteriota,Actinobacteria,Propionibacteriales,Nocardioidaceae,Nocardioides,0,0,0,0,14,0,0,0,0,0,0,0,0,0
ASV_ 532,Bacteria,Firmicutes,Bacilli,Paenibacillales,Paenibacillaceae,Ammoniphilus,0,0,0,0,9,0,0,5,0,0,0,0,0,0
ASV_ 533,Bacteria,Actinobacteriota,Acidimicrobiia,Microtrichales,NA,NA,0,0,0,0,0,0,14,0,0,0,0,0,0,0
ASV_ 534,Bacteria,Actinobacteriota,Actinobacteria,Micrococcales,Microbacteriaceae,Pseudoclavibacter,0,0,0,0,0,0,14,0,0,0,0,0,0,0
ASV_ 535,Bacteria,Proteobacteria,Alphaproteobacteria,Rhizobiales,Rhizobiaceae,Allorhizobium-Neorhizobium-Pararhizobium-Rhizobium,0,0,0,0,0,0,0,0,14,0,0,0,0,0
ASV_ 536,Bacteria,Proteobacteria,Gammaproteobacteria,Legionellales,Legionellaceae,Legionella,0,0,0,13,0,0,0,0,0,0,0,0,0,0
ASV_ 537,Bacteria,Verrucomicrobiota,Verrucomicrobiae,Verrucomicrobiales,Rubritaleaceae,Luteolibacter,0,0,0,0,13,0,0,0,0,0,0,0,0,0
ASV_ 538,Bacteria,Actinobacteriota,Actinobacteria,Micrococcales,Micrococcaceae,Kocuria,0,0,0,0,13,0,0,0,0,0,0,0,0,0
ASV_ 539,Bacteria,Actinobacteriota,Acidimicrobiia,Microtrichales,Microtrichaceae,IMCC26207,0,0,0,0,0,0,13,0,0,0,0,0,0,0
ASV_ 54,Bacteria,Bacteroidota,Bacteroidia,Bacteroidales,Bacteroidaceae,Bacteroides,1088,0,0,0,36,130,93,0,55,384,677,227,590,449
ASV_ 540,Bacteria,Proteobacteria,Alphaproteobacteria,Sphingomonadales,Sphingomonadaceae,Qipengyuania,0,0,0,0,0,0,0,0,0,13,0,0,0,0
ASV_ 541,Bacteria,Proteobacteria,Alphaproteobacteria,Rhizobiales,Beijerinckiaceae,Bosea,0,0,0,0,0,0,0,0,0,13,0,0,0,0
ASV_ 542,Bacteria,Proteobacteria,Gammaproteobacteria,Pseudomonadales,Moraxellaceae,Acinetobacter,0,0,0,0,0,0,0,0,0,0,0,13,0,0
ASV_ 543,Bacteria,Proteobacteria,Alphaproteobacteria,Rhizobiales,Xanthobacteraceae,Pseudorhodoplanes,0,12,0,0,0,0,0,0,0,0,0,0,0,0
ASV_ 544,Bacteria,Proteobacteria,Gammaproteobacteria,Enterobacterales,JI49D030,NA,0,0,0,0,12,0,0,0,0,0,0,0,0,0
ASV_ 545,Bacteria,Firmicutes,Clostridia,Lachnospirales,Lachnospiraceae,Catonella,0,0,0,0,12,0,0,0,0,0,0,0,0,0
ASV_ 546,Bacteria,Proteobacteria,Gammaproteobacteria,Pseudomonadales,Pseudomonadaceae,Pseudomonas,0,0,0,0,0,12,0,0,0,0,0,0,0,0
ASV_ 547,Bacteria,Cyanobacteria,Vampirivibrionia,Obscuribacterales,Obscuribacteraceae,NA,0,0,0,0,0,0,12,0,0,0,0,0,0,0
ASV_ 548,Bacteria,Desulfobacterota,NA,NA,NA,NA,0,0,0,0,0,0,12,0,0,0,0,0,0,0
ASV_ 549,Bacteria,Proteobacteria,Alphaproteobacteria,Rhizobiales,Hyphomicrobiaceae,Hyphomicrobium,0,0,0,0,0,0,0,0,12,0,0,0,0,0
ASV_ 55,Bacteria,Proteobacteria,Gammaproteobacteria,Enterobacterales,Vibrionaceae,Vibrio,71,0,0,0,0,2336,218,26,0,0,0,866,39,20
ASV_ 550,Bacteria,Proteobacteria,Gammaproteobacteria,Pseudomonadales,Pseudomonadaceae,Pseudomonas,0,0,0,0,0,0,0,0,0,0,0,12,0,0
ASV_ 551,Bacteria,Planctomycetota,Planctomycetes,Gemmatales,Gemmataceae,Gemmata,0,0,0,0,0,0,0,0,0,0,0,0,0,12
ASV_ 552,Bacteria,Dependentiae,Babeliae,Babeliales,NA,NA,0,0,0,0,0,0,0,0,0,0,0,0,0,12
ASV_ 553,Bacteria,Actinobacteriota,Actinobacteria,Corynebacteriales,Corynebacteriaceae,Corynebacterium,0,0,0,0,0,0,0,0,0,0,0,0,0,12
ASV_ 554,Bacteria,Proteobacteria,Gammaproteobacteria,Enterobacterales,Enterobacteriaceae,NA,0,0,0,11,0,0,0,0,0,0,0,0,0,0
ASV_ 555,Bacteria,Proteobacteria,Gammaproteobacteria,Coxiellales,Coxiellaceae,Coxiella,0,0,0,11,0,0,0,0,0,0,0,0,0,0
ASV_ 556,Bacteria,Proteobacteria,Alphaproteobacteria,Rhizobiales,Methyloligellaceae,NA,0,0,0,0,11,0,0,0,0,0,0,0,0,0
ASV_ 557,Bacteria,Proteobacteria,Gammaproteobacteria,Coxiellales,Coxiellaceae,Coxiella,0,0,0,0,11,0,0,0,0,0,0,0,0,0
ASV_ 558,Bacteria,Proteobacteria,Alphaproteobacteria,Rhizobiales,Rhizobiaceae,Aminobacter,0,0,0,0,0,11,0,0,0,0,0,0,0,0
ASV_ 559,Bacteria,Planctomycetota,Planctomycetes,Pirellulales,Pirellulaceae,Pir4 lineage,0,0,0,0,0,0,11,0,0,0,0,0,0,0
ASV_ 56,Bacteria,Proteobacteria,Alphaproteobacteria,Rhodobacterales,Rhodobacteraceae,Gemmobacter,0,1089,382,130,56,0,131,70,518,57,438,61,227,253
ASV_ 560,Bacteria,Planctomycetota,Phycisphaerae,S-70,NA,NA,0,0,0,0,0,0,11,0,0,0,0,0,0,0
ASV_ 561,Bacteria,Actinobacteriota,Actinobacteria,Corynebacteriales,Nocardiaceae,Gordonia,0,0,0,0,0,0,11,0,0,0,0,0,0,0
ASV_ 562,Bacteria,Actinobacteriota,Acidimicrobiia,IMCC26256,NA,NA,0,0,0,0,0,0,11,0,0,0,0,0,0,0
ASV_ 563,Bacteria,Chloroflexi,KD4-96,NA,NA,NA,0,0,0,0,0,0,0,0,11,0,0,0,0,0
ASV_ 564,Bacteria,Bacteroidota,Bacteroidia,Cytophagales,NA,NA,0,0,0,0,0,0,0,0,11,0,0,0,0,0
ASV_ 565,Bacteria,Actinobacteriota,Thermoleophilia,Solirubrobacterales,67-14,NA,0,0,0,0,0,0,0,0,0,0,11,0,0,0
ASV_ 566,Bacteria,Firmicutes,Bacilli,Bacillales,Planococcaceae,NA,0,0,0,0,0,0,0,0,0,0,0,0,11,0
ASV_ 567,Bacteria,Proteobacteria,Alphaproteobacteria,Rhizobiales,Hyphomicrobiaceae,Hyphomicrobium,0,0,0,0,0,0,0,0,0,0,0,0,0,11
ASV_ 568,Bacteria,Proteobacteria,Gammaproteobacteria,Xanthomonadales,Xanthomonadaceae,Stenotrophomonas,0,0,0,0,0,0,0,0,0,0,0,0,0,11
ASV_ 569,Bacteria,Proteobacteria,Alphaproteobacteria,Rickettsiales,Rickettsiaceae,NA,0,10,0,0,0,0,0,0,0,0,0,0,0,0
ASV_ 57,Bacteria,Verrucomicrobiota,Verrucomicrobiae,Verrucomicrobiales,Rubritaleaceae,Luteolibacter,0,438,0,117,71,0,214,50,764,435,230,207,786,54
ASV_ 570,Bacteria,Firmicutes,Bacilli,Bacillales,Planococcaceae,NA,0,0,10,0,0,0,0,0,0,0,0,0,0,0
ASV_ 571,Bacteria,Firmicutes,Bacilli,Bacillales,NA,NA,0,0,10,0,0,0,0,0,0,0,0,0,0,0
ASV_ 572,Bacteria,Proteobacteria,Alphaproteobacteria,Rhizobiales,Rhizobiaceae,NA,0,0,0,10,0,0,0,0,0,0,0,0,0,0
ASV_ 573,Bacteria,Desulfobacterota,NA,NA,NA,NA,0,0,0,0,10,0,0,0,0,0,0,0,0,0
ASV_ 574,Bacteria,Proteobacteria,Alphaproteobacteria,Rhizobiales,Rhizobiaceae,Mesorhizobium,0,0,0,0,0,10,0,0,0,0,0,0,0,0
ASV_ 575,Bacteria,Planctomycetota,Phycisphaerae,mle1-8,NA,NA,0,0,0,0,0,0,10,0,0,0,0,0,0,0
ASV_ 576,Bacteria,Actinobacteriota,Actinobacteria,Micrococcales,Microbacteriaceae,NA,0,0,0,0,0,0,10,0,0,0,0,0,0,0
ASV_ 577,Bacteria,Planctomycetota,Planctomycetes,Isosphaerales,Isosphaeraceae,NA,0,0,0,0,0,0,0,0,0,0,10,0,0,0
ASV_ 578,Bacteria,Proteobacteria,Gammaproteobacteria,Burkholderiales,Comamonadaceae,NA,0,0,0,0,0,0,0,0,0,0,10,0,0,0
ASV_ 579,Bacteria,Proteobacteria,Gammaproteobacteria,Pseudomonadales,Pseudomonadaceae,NA,0,0,0,0,0,0,0,0,0,0,10,0,0,0
ASV_ 58,Bacteria,Bacteroidota,Bacteroidia,Flavobacteriales,Flavobacteriaceae,Flavobacterium,0,0,0,0,0,241,27,1589,293,0,827,0,62,213
ASV_ 580,Bacteria,Proteobacteria,Gammaproteobacteria,Enterobacterales,Vibrionaceae,Vibrio,0,0,0,0,0,0,0,0,0,0,0,10,0,0
ASV_ 581,Bacteria,Gemmatimonadota,S0134 terrestrial group,NA,NA,NA,0,0,0,0,0,0,0,0,0,0,0,0,10,0
ASV_ 582,Bacteria,Firmicutes,Bacilli,Bacillales,Bacillaceae,Bacillus,0,0,0,0,0,0,0,0,0,0,0,0,10,0
ASV_ 583,Bacteria,Actinobacteriota,Acidimicrobiia,Microtrichales,Ilumatobacteraceae,NA,9,0,0,0,0,0,0,0,0,0,0,0,0,0
ASV_ 584,Bacteria,Fusobacteriota,Fusobacteriia,Fusobacteriales,Fusobacteriaceae,Cetobacterium,9,0,0,0,0,0,0,0,0,0,0,0,0,0
ASV_ 585,Bacteria,Firmicutes,Bacilli,Erysipelotrichales,Erysipelotrichaceae,ZOR0006,0,0,0,0,9,0,0,0,0,0,0,0,0,0
ASV_ 586,Bacteria,Verrucomicrobiota,Verrucomicrobiae,Verrucomicrobiales,NA,NA,0,0,0,0,0,0,9,0,0,0,0,0,0,0
ASV_ 587,Bacteria,Proteobacteria,Alphaproteobacteria,Rhizobiales,Methyloligellaceae,NA,0,0,0,0,0,0,0,0,9,0,0,0,0,0
ASV_ 588,Bacteria,Planctomycetota,Planctomycetes,Pirellulales,Pirellulaceae,Pirellula,0,0,0,0,0,0,0,0,0,0,0,0,0,9
ASV_ 589,Bacteria,Firmicutes,Bacilli,Paenibacillales,Paenibacillaceae,NA,0,8,0,0,0,0,0,0,0,0,0,0,0,0
ASV_ 59,Bacteria,Actinobacteriota,Actinobacteria,Corynebacteriales,Corynebacteriaceae,Corynebacterium,120,1297,0,0,1012,0,85,59,101,0,229,0,126,0
ASV_ 590,Bacteria,Planctomycetota,Planctomycetes,Gemmatales,Gemmataceae,NA,0,8,0,0,0,0,0,0,0,0,0,0,0,0
ASV_ 591,Bacteria,Actinobacteriota,Actinobacteria,Corynebacteriales,Mycobacteriaceae,Mycobacterium,0,0,4,0,0,0,0,0,0,0,0,0,4,0
ASV_ 592,Bacteria,Planctomycetota,Planctomycetes,Planctomycetales,Schlesneriaceae,Planctopirus,0,0,0,8,0,0,0,0,0,0,0,0,0,0
ASV_ 593,Bacteria,Verrucomicrobiota,Verrucomicrobiae,Verrucomicrobiales,Rubritaleaceae,Luteolibacter,0,0,0,8,0,0,0,0,0,0,0,0,0,0
ASV_ 594,Bacteria,Firmicutes,Bacilli,Bacillales,Bacillaceae,Bacillus,0,0,0,0,8,0,0,0,0,0,0,0,0,0
ASV_ 595,Bacteria,Cyanobacteria,Cyanobacteriia,Cyanobacteriales,Chroococcidiopsaceae,NA,0,0,0,0,0,8,0,0,0,0,0,0,0,0
ASV_ 596,Bacteria,Firmicutes,Bacilli,Staphylococcales,Staphylococcaceae,NA,0,0,0,0,0,8,0,0,0,0,0,0,0,0
ASV_ 597,Bacteria,Firmicutes,Bacilli,Bacillales,NA,NA,0,0,0,0,0,0,8,0,0,0,0,0,0,0
ASV_ 598,Bacteria,Firmicutes,Bacilli,Erysipelotrichales,Erysipelotrichaceae,ZOR0006,0,0,0,0,0,0,8,0,0,0,0,0,0,0
ASV_ 599,Bacteria,Desulfobacterota,NA,NA,NA,NA,0,0,0,0,0,0,8,0,0,0,0,0,0,0
ASV_ 6,Bacteria,Verrucomicrobiota,Verrucomicrobiae,Verrucomicrobiales,NA,NA,12896,494,18364,609,3321,0,12746,443,1568,40010,3671,3055,28176,3237
ASV_ 60,Bacteria,Proteobacteria,Gammaproteobacteria,Gammaproteobacteria Incertae Sedis,Unknown Family,NA,0,0,0,31,29,0,46,144,0,0,952,0,898,388
ASV_ 600,Bacteria,Proteobacteria,Gammaproteobacteria,Burkholderiales,Comamonadaceae,Kinneretia,0,0,0,0,0,0,0,8,0,0,0,0,0,0
ASV_ 601,Bacteria,Planctomycetota,Planctomycetes,Pirellulales,Pirellulaceae,Bythopirellula,0,0,0,0,0,0,0,0,0,0,8,0,0,0
ASV_ 602,Bacteria,Proteobacteria,Gammaproteobacteria,Burkholderiales,Comamonadaceae,Kinneretia,0,0,0,0,0,0,0,0,0,0,8,0,0,0
ASV_ 603,Bacteria,Proteobacteria,Alphaproteobacteria,Rhizobiales,Beijerinckiaceae,Microvirga,0,0,0,0,0,0,0,0,0,0,0,8,0,0
ASV_ 604,Bacteria,Dependentiae,Babeliae,Babeliales,UBA12411,NA,0,0,0,0,0,0,0,0,0,0,0,0,0,8
ASV_ 605,Bacteria,Dependentiae,Babeliae,Babeliales,Babeliaceae,NA,0,0,0,0,0,0,0,0,0,0,0,0,0,8
ASV_ 606,Bacteria,Planctomycetota,Planctomycetes,Gemmatales,Gemmataceae,NA,0,7,0,0,0,0,0,0,0,0,0,0,0,0
ASV_ 607,Bacteria,Firmicutes,Bacilli,Bacillales,Planococcaceae,NA,0,0,7,0,0,0,0,0,0,0,0,0,0,0
ASV_ 608,Bacteria,Proteobacteria,Alphaproteobacteria,Rhizobiales,Hyphomicrobiaceae,Pedomicrobium,0,0,0,7,0,0,0,0,0,0,0,0,0,0
ASV_ 609,Bacteria,Firmicutes,Bacilli,Bacillales,NA,NA,0,0,0,7,0,0,0,0,0,0,0,0,0,0
ASV_ 61,Bacteria,Bacteroidota,Bacteroidia,Bacteroidales,Bacteroidaceae,Bacteroides,904,0,20,66,0,292,102,0,0,0,463,199,149,232
ASV_ 610,Bacteria,Firmicutes,Bacilli,Lactobacillales,Streptococcaceae,Streptococcus,0,0,0,0,7,0,0,0,0,0,0,0,0,0
ASV_ 611,Bacteria,Actinobacteriota,Thermoleophilia,Gaiellales,NA,NA,0,0,0,0,7,0,0,0,0,0,0,0,0,0
ASV_ 612,Bacteria,Cyanobacteria,Cyanobacteriia,Cyanobacteriales,Chroococcidiopsaceae,NA,0,0,0,0,0,7,0,0,0,0,0,0,0,0
ASV_ 613,Bacteria,Firmicutes,Clostridia,Clostridiales,Clostridiaceae,Clostridium sensu stricto 7,0,0,0,0,0,0,7,0,0,0,0,0,0,0
ASV_ 614,Bacteria,Firmicutes,Bacilli,Erysipelotrichales,Erysipelotrichaceae,ZOR0006,0,0,0,0,0,0,0,0,0,0,7,0,0,0
ASV_ 615,Bacteria,Actinobacteriota,Actinobacteria,Corynebacteriales,NA,NA,0,0,0,0,0,0,0,0,0,0,0,7,0,0
ASV_ 616,Bacteria,Proteobacteria,Alphaproteobacteria,Sphingomonadales,Sphingomonadaceae,Ellin6055,0,0,0,0,0,0,0,0,0,0,0,0,7,0
ASV_ 617,Bacteria,Verrucomicrobiota,Chlamydiae,Chlamydiales,Parachlamydiaceae,NA,0,0,0,0,0,0,0,0,0,0,0,0,2,5
ASV_ 618,Bacteria,Proteobacteria,Gammaproteobacteria,Legionellales,Legionellaceae,Legionella,0,0,0,0,0,0,0,0,0,0,0,0,0,7
ASV_ 619,Bacteria,Proteobacteria,Gammaproteobacteria,Coxiellales,Coxiellaceae,Coxiella,0,0,0,0,0,0,0,0,0,0,0,0,0,7
ASV_ 62,Bacteria,Proteobacteria,Gammaproteobacteria,NA,NA,NA,0,0,0,0,0,0,0,66,148,0,1130,0,404,582
ASV_ 620,Bacteria,Proteobacteria,Alphaproteobacteria,Rhizobiales,NA,NA,0,0,6,0,0,0,0,0,0,0,0,0,0,0
ASV_ 621,Bacteria,Planctomycetota,Planctomycetes,Gemmatales,Gemmataceae,NA,0,0,0,6,0,0,0,0,0,0,0,0,0,0
ASV_ 622,Bacteria,Planctomycetota,Planctomycetes,Pirellulales,Pirellulaceae,Pir4 lineage,0,0,0,6,0,0,0,0,0,0,0,0,0,0
ASV_ 623,Bacteria,Chloroflexi,Chloroflexia,Thermomicrobiales,JG30-KF-CM45,NA,0,0,0,6,0,0,0,0,0,0,0,0,0,0
ASV_ 624,Bacteria,Proteobacteria,Gammaproteobacteria,Legionellales,Legionellaceae,Legionella,0,0,0,6,0,0,0,0,0,0,0,0,0,0
ASV_ 625,Bacteria,Planctomycetota,Planctomycetes,Gemmatales,Gemmataceae,NA,0,0,0,0,6,0,0,0,0,0,0,0,0,0
ASV_ 626,Bacteria,Firmicutes,Bacilli,Bacillales,Planococcaceae,NA,0,0,0,0,6,0,0,0,0,0,0,0,0,0
ASV_ 627,Bacteria,Cyanobacteria,Vampirivibrionia,Obscuribacterales,Obscuribacteraceae,NA,0,0,0,0,6,0,0,0,0,0,0,0,0,0
ASV_ 628,Bacteria,Bacteroidota,Bacteroidia,Flavobacteriales,Weeksellaceae,NA,0,0,0,0,0,0,0,0,6,0,0,0,0,0
ASV_ 629,Bacteria,Bacteroidota,Bacteroidia,NA,NA,NA,0,0,0,0,0,0,0,0,0,6,0,0,0,0
ASV_ 63,Bacteria,Proteobacteria,Gammaproteobacteria,Burkholderiales,Neisseriaceae,NA,0,0,0,293,941,0,883,33,0,0,0,0,103,8
ASV_ 630,Bacteria,Verrucomicrobiota,Verrucomicrobiae,Verrucomicrobiales,Rubritaleaceae,Luteolibacter,0,0,0,0,0,0,0,0,0,0,6,0,0,0
ASV_ 631,Bacteria,Actinobacteriota,Actinobacteria,Micrococcales,Microbacteriaceae,Agromyces,0,0,0,0,0,0,0,0,0,0,0,6,0,0
ASV_ 632,Bacteria,Proteobacteria,Gammaproteobacteria,Burkholderiales,Hydrogenophilaceae,Hydrogenophilus,0,0,0,0,0,0,0,0,0,0,0,6,0,0
ASV_ 633,Bacteria,Actinobacteriota,Actinobacteria,Corynebacteriales,NA,NA,0,0,0,0,0,0,0,0,0,0,0,6,0,0
ASV_ 634,Bacteria,Proteobacteria,Alphaproteobacteria,Reyranellales,Reyranellaceae,Reyranella,0,0,0,0,0,0,0,0,0,0,0,0,6,0
ASV_ 635,Bacteria,Bacteroidota,Bacteroidia,Bacteroidales,NA,NA,0,0,0,0,0,0,0,0,0,0,0,0,6,0
ASV_ 636,Bacteria,Desulfobacterota,NA,NA,NA,NA,0,0,0,0,0,0,0,0,0,0,0,0,0,6
ASV_ 637,Bacteria,Planctomycetota,Planctomycetes,Pirellulales,Pirellulaceae,NA,0,0,0,0,0,0,0,0,0,0,0,0,0,6
ASV_ 638,Bacteria,Bacteroidota,Bacteroidia,Flavobacteriales,Weeksellaceae,NA,0,0,0,0,0,0,0,0,0,0,0,0,0,6
ASV_ 639,Bacteria,Proteobacteria,Alphaproteobacteria,Reyranellales,Reyranellaceae,Reyranella,0,0,0,5,0,0,0,0,0,0,0,0,0,0
ASV_ 64,Bacteria,Proteobacteria,Gammaproteobacteria,Burkholderiales,Comamonadaceae,Curvibacter,0,0,0,0,0,0,36,960,626,0,99,0,88,381
ASV_ 640,Bacteria,Planctomycetota,Planctomycetes,Gemmatales,Gemmataceae,NA,0,0,0,5,0,0,0,0,0,0,0,0,0,0
ASV_ 641,Bacteria,Proteobacteria,Gammaproteobacteria,Xanthomonadales,Xanthomonadaceae,Pseudoxanthomonas,0,0,0,5,0,0,0,0,0,0,0,0,0,0
ASV_ 642,Bacteria,Firmicutes,Bacilli,Staphylococcales,Gemellaceae,Gemella,0,0,0,0,5,0,0,0,0,0,0,0,0,0
ASV_ 643,Bacteria,Chloroflexi,NA,NA,NA,NA,0,0,0,0,5,0,0,0,0,0,0,0,0,0
ASV_ 644,Bacteria,Planctomycetota,Planctomycetes,Gemmatales,Gemmataceae,NA,0,0,0,0,5,0,0,0,0,0,0,0,0,0
ASV_ 645,Bacteria,Proteobacteria,Alphaproteobacteria,Acetobacterales,Acetobacteraceae,Roseomonas,0,0,0,0,5,0,0,0,0,0,0,0,0,0
ASV_ 646,Bacteria,Actinobacteriota,NA,NA,NA,NA,0,0,0,0,0,0,5,0,0,0,0,0,0,0
ASV_ 647,Bacteria,Proteobacteria,Gammaproteobacteria,NA,NA,NA,0,0,0,0,0,0,0,5,0,0,0,0,0,0
ASV_ 648,Bacteria,Firmicutes,Bacilli,Bacillales,Bacillaceae,Cerasibacillus,0,0,0,0,0,0,0,5,0,0,0,0,0,0
ASV_ 649,Bacteria,Proteobacteria,Alphaproteobacteria,Rhodobacterales,Rhodobacteraceae,NA,0,0,0,0,0,0,0,0,5,0,0,0,0,0
ASV_ 65,Bacteria,Acidobacteriota,Blastocatellia,Blastocatellales,Blastocatellaceae,NA,0,0,0,0,0,0,0,223,390,800,0,530,201,28
ASV_ 650,Bacteria,Proteobacteria,Alphaproteobacteria,Rhizobiales,Rhizobiales Incertae Sedis,Phreatobacter,0,0,0,0,0,0,0,0,5,0,0,0,0,0
ASV_ 651,Bacteria,Proteobacteria,Alphaproteobacteria,Rhizobiales,NA,NA,0,0,0,0,0,0,0,0,0,0,5,0,0,0
ASV_ 652,Bacteria,Actinobacteriota,Actinobacteria,Corynebacteriales,Mycobacteriaceae,Mycobacterium,0,0,0,0,0,0,0,0,0,0,0,5,0,0
ASV_ 653,Bacteria,Verrucomicrobiota,Verrucomicrobiae,Verrucomicrobiales,Rubritaleaceae,Luteolibacter,0,0,0,0,0,0,0,0,0,0,0,0,5,0
ASV_ 654,Bacteria,Proteobacteria,Gammaproteobacteria,Burkholderiales,Comamonadaceae,Kinneretia,0,0,0,0,0,0,0,0,0,0,0,0,0,5
ASV_ 655,Bacteria,Planctomycetota,Planctomycetes,Gemmatales,Gemmataceae,NA,0,0,0,0,0,0,0,0,0,0,0,0,0,5
ASV_ 656,Bacteria,Actinobacteriota,Thermoleophilia,Solirubrobacterales,67-14,NA,0,0,0,0,0,0,0,0,0,0,0,0,0,5
ASV_ 657,Bacteria,Firmicutes,NA,NA,NA,NA,0,4,0,0,0,0,0,0,0,0,0,0,0,0
ASV_ 658,Bacteria,Bacteroidota,Bacteroidia,Flavobacteriales,Weeksellaceae,Cloacibacterium,0,4,0,0,0,0,0,0,0,0,0,0,0,0
ASV_ 659,Bacteria,Actinobacteriota,Actinobacteria,Corynebacteriales,Corynebacteriaceae,NA,0,0,4,0,0,0,0,0,0,0,0,0,0,0
ASV_ 66,Bacteria,Proteobacteria,Alphaproteobacteria,Reyranellales,Reyranellaceae,Reyranella,0,0,82,1070,338,0,337,32,148,0,85,0,0,55
ASV_ 660,Bacteria,Firmicutes,Clostridia,Peptostreptococcales-Tissierellales,Peptostreptococcaceae,NA,0,0,4,0,0,0,0,0,0,0,0,0,0,0
ASV_ 661,Bacteria,Proteobacteria,Gammaproteobacteria,Pseudomonadales,Moraxellaceae,Enhydrobacter,0,0,4,0,0,0,0,0,0,0,0,0,0,0
ASV_ 662,Bacteria,Proteobacteria,Alphaproteobacteria,Reyranellales,Reyranellaceae,Reyranella,0,0,0,4,0,0,0,0,0,0,0,0,0,0
ASV_ 663,Bacteria,Planctomycetota,Planctomycetes,Gemmatales,Gemmataceae,NA,0,0,0,4,0,0,0,0,0,0,0,0,0,0
ASV_ 664,Bacteria,Proteobacteria,Alphaproteobacteria,Rhizobiales,Xanthobacteraceae,NA,0,0,0,4,0,0,0,0,0,0,0,0,0,0
ASV_ 665,Bacteria,Firmicutes,Bacilli,Bacillales,Planococcaceae,NA,0,0,0,4,0,0,0,0,0,0,0,0,0,0
ASV_ 666,Bacteria,Planctomycetota,Planctomycetes,Gemmatales,Gemmataceae,NA,0,0,0,4,0,0,0,0,0,0,0,0,0,0
ASV_ 667,Bacteria,Firmicutes,Bacilli,Bacillales,NA,NA,0,0,0,0,4,0,0,0,0,0,0,0,0,0
ASV_ 668,Bacteria,Actinobacteriota,Acidimicrobiia,Microtrichales,Iamiaceae,Iamia,0,0,0,0,4,0,0,0,0,0,0,0,0,0
ASV_ 669,Bacteria,Gemmatimonadota,Gemmatimonadetes,Gemmatimonadales,Gemmatimonadaceae,NA,0,0,0,0,4,0,0,0,0,0,0,0,0,0
ASV_ 67,Bacteria,Proteobacteria,Gammaproteobacteria,Gammaproteobacteria Incertae Sedis,Unknown Family,NA,15,1112,0,37,38,0,96,157,589,0,71,0,0,25
ASV_ 670,Bacteria,Firmicutes,Bacilli,Bacillales,Bacillaceae,NA,0,0,0,0,0,4,0,0,0,0,0,0,0,0
ASV_ 671,Bacteria,Bacteroidota,Bacteroidia,Bacteroidales,Barnesiellaceae,NA,0,0,0,0,0,4,0,0,0,0,0,0,0,0
ASV_ 672,Bacteria,Firmicutes,Bacilli,NA,NA,NA,0,0,0,0,0,4,0,0,0,0,0,0,0,0
ASV_ 673,Bacteria,Actinobacteriota,Acidimicrobiia,Microtrichales,NA,NA,0,0,0,0,0,0,4,0,0,0,0,0,0,0
ASV_ 674,Bacteria,Firmicutes,Bacilli,Bacillales,Planococcaceae,NA,0,0,0,0,0,0,4,0,0,0,0,0,0,0
ASV_ 675,Bacteria,Bacteroidota,Bacteroidia,Sphingobacteriales,NA,NA,0,0,0,0,0,0,0,4,0,0,0,0,0,0
ASV_ 676,Bacteria,Proteobacteria,Gammaproteobacteria,Pseudomonadales,Pseudomonadaceae,Pseudomonas,0,0,0,0,0,0,0,4,0,0,0,0,0,0
ASV_ 677,Bacteria,Proteobacteria,Alphaproteobacteria,Sphingomonadales,Sphingomonadaceae,NA,0,0,0,0,0,0,0,0,4,0,0,0,0,0
ASV_ 678,Bacteria,Actinobacteriota,Actinobacteria,Micrococcales,Microbacteriaceae,NA,0,0,0,0,0,0,0,0,4,0,0,0,0,0
ASV_ 679,Bacteria,Proteobacteria,Alphaproteobacteria,NA,NA,NA,0,0,0,0,0,0,0,0,4,0,0,0,0,0
ASV_ 68,Bacteria,Proteobacteria,Gammaproteobacteria,Burkholderiales,Chitinibacteraceae,Chitinilyticum,27,102,0,115,181,0,149,132,180,0,584,135,336,182
ASV_ 680,Bacteria,Firmicutes,Bacilli,Erysipelotrichales,Erysipelotrichaceae,ZOR0006,0,0,0,0,0,0,0,0,4,0,0,0,0,0
ASV_ 681,Bacteria,Proteobacteria,Gammaproteobacteria,Xanthomonadales,Xanthomonadaceae,Silanimonas,0,0,0,0,0,0,0,0,0,0,4,0,0,0
ASV_ 682,Bacteria,Chloroflexi,Chloroflexia,Thermomicrobiales,JG30-KF-CM45,NA,0,0,0,0,0,0,0,0,0,0,0,4,0,0
ASV_ 683,Bacteria,Bacteroidota,Bacteroidia,Flavobacteriales,Weeksellaceae,Cloacibacterium,0,0,0,0,0,0,0,0,0,0,0,4,0,0
ASV_ 684,Bacteria,Actinobacteriota,Actinobacteria,Corynebacteriales,Mycobacteriaceae,Mycobacterium,0,0,0,0,0,0,0,0,0,0,0,4,0,0
ASV_ 685,Bacteria,Proteobacteria,Gammaproteobacteria,Enterobacterales,JI49D030,NA,0,0,0,0,0,0,0,0,0,0,0,0,4,0
ASV_ 686,Bacteria,Actinobacteriota,Actinobacteria,Corynebacteriales,Mycobacteriaceae,Mycobacterium,0,0,0,0,0,0,0,0,0,0,0,0,4,0
ASV_ 687,Bacteria,Proteobacteria,Gammaproteobacteria,Xanthomonadales,NA,NA,0,0,0,0,0,0,0,0,0,0,0,0,4,0
ASV_ 688,Bacteria,Proteobacteria,Gammaproteobacteria,Enterobacterales,Shewanellaceae,Shewanella,0,0,0,0,0,0,0,0,0,0,0,0,4,0
ASV_ 689,Bacteria,Actinobacteriota,Actinobacteria,Corynebacteriales,Mycobacteriaceae,Mycobacterium,0,0,0,0,0,0,0,0,0,0,0,0,4,0
ASV_ 69,Bacteria,Firmicutes,Bacilli,Erysipelotrichales,Erysipelotrichaceae,Dielma,744,0,849,65,65,0,242,0,0,22,0,0,0,0
ASV_ 690,Bacteria,Firmicutes,Bacilli,Bacillales,Bacillaceae,NA,0,0,0,0,0,0,0,0,0,0,0,0,0,4
ASV_ 691,Bacteria,Proteobacteria,Alphaproteobacteria,Rhizobiales,Methyloligellaceae,NA,0,0,0,0,0,0,0,0,0,0,0,0,0,4
ASV_ 692,Bacteria,Proteobacteria,Alphaproteobacteria,Reyranellales,Reyranellaceae,Reyranella,0,0,0,0,0,0,0,0,0,0,0,0,0,4
ASV_ 693,Bacteria,Fusobacteriota,Fusobacteriia,Fusobacteriales,Fusobacteriaceae,Cetobacterium,3,0,0,0,0,0,0,0,0,0,0,0,0,0
ASV_ 694,Bacteria,Actinobacteriota,Actinobacteria,NA,NA,NA,0,3,0,0,0,0,0,0,0,0,0,0,0,0
ASV_ 695,Bacteria,Proteobacteria,Alphaproteobacteria,Rhodobacterales,Rhodobacteraceae,Tabrizicola,0,3,0,0,0,0,0,0,0,0,0,0,0,0
ASV_ 696,Bacteria,Proteobacteria,Gammaproteobacteria,NA,NA,NA,0,3,0,0,0,0,0,0,0,0,0,0,0,0
ASV_ 697,Bacteria,Proteobacteria,Gammaproteobacteria,NA,NA,NA,0,3,0,0,0,0,0,0,0,0,0,0,0,0
ASV_ 698,Bacteria,Actinobacteriota,Actinobacteria,NA,NA,NA,0,3,0,0,0,0,0,0,0,0,0,0,0,0
ASV_ 699,Bacteria,Verrucomicrobiota,Verrucomicrobiae,Verrucomicrobiales,Rubritaleaceae,Luteolibacter,0,3,0,0,0,0,0,0,0,0,0,0,0,0
ASV_ 7,Bacteria,Bacteroidota,Bacteroidia,Bacteroidales,Barnesiellaceae,NA,20816,0,0,221,10792,10573,12570,0,237,10956,1091,38054,11330,9879
ASV_ 70,Bacteria,Proteobacteria,Gammaproteobacteria,Pseudomonadales,Moraxellaceae,Enhydrobacter,0,0,1119,0,0,0,0,0,0,843,0,0,0,0
ASV_ 700,Bacteria,Planctomycetota,Planctomycetes,Gemmatales,Gemmataceae,Gemmata,0,3,0,0,0,0,0,0,0,0,0,0,0,0
ASV_ 701,Bacteria,Firmicutes,Clostridia,Peptostreptococcales-Tissierellales,Peptostreptococcaceae,NA,0,3,0,0,0,0,0,0,0,0,0,0,0,0
ASV_ 702,Bacteria,Actinobacteriota,Actinobacteria,Corynebacteriales,NA,NA,0,3,0,0,0,0,0,0,0,0,0,0,0,0
ASV_ 703,Bacteria,Actinobacteriota,Actinobacteria,Propionibacteriales,Propionibacteriaceae,Cutibacterium,0,3,0,0,0,0,0,0,0,0,0,0,0,0
ASV_ 704,Bacteria,Actinobacteriota,Acidimicrobiia,Microtrichales,Microtrichaceae,IMCC26207,0,0,3,0,0,0,0,0,0,0,0,0,0,0
ASV_ 705,Bacteria,NA,NA,NA,NA,NA,0,0,3,0,0,0,0,0,0,0,0,0,0,0
ASV_ 706,Bacteria,Planctomycetota,Phycisphaerae,S-70,NA,NA,0,0,0,3,0,0,0,0,0,0,0,0,0,0
ASV_ 707,Bacteria,Proteobacteria,Gammaproteobacteria,Burkholderiales,Comamonadaceae,Aquabacterium,0,0,0,3,0,0,0,0,0,0,0,0,0,0
ASV_ 708,Bacteria,Firmicutes,Bacilli,Bacillales,Bacillaceae,NA,0,0,0,3,0,0,0,0,0,0,0,0,0,0
ASV_ 709,Bacteria,Proteobacteria,Gammaproteobacteria,Pseudomonadales,Pseudomonadaceae,Pseudomonas,0,0,0,3,0,0,0,0,0,0,0,0,0,0
ASV_ 71,Bacteria,Actinobacteriota,Acidimicrobiia,Microtrichales,Microtrichaceae,IMCC26207,10,1517,150,82,0,0,77,0,91,0,21,0,0,0
ASV_ 710,Bacteria,Proteobacteria,Gammaproteobacteria,Coxiellales,Coxiellaceae,Coxiella,0,0,0,3,0,0,0,0,0,0,0,0,0,0
ASV_ 711,Bacteria,Proteobacteria,Gammaproteobacteria,Pseudomonadales,Pseudomonadaceae,Pseudomonas,0,0,0,3,0,0,0,0,0,0,0,0,0,0
ASV_ 712,Bacteria,Actinobacteriota,Thermoleophilia,NA,NA,NA,0,0,0,0,3,0,0,0,0,0,0,0,0,0
ASV_ 713,Bacteria,Verrucomicrobiota,Verrucomicrobiae,Verrucomicrobiales,NA,NA,0,0,0,0,3,0,0,0,0,0,0,0,0,0
ASV_ 714,Bacteria,Firmicutes,Bacilli,Staphylococcales,Staphylococcaceae,NA,0,0,0,0,0,3,0,0,0,0,0,0,0,0
ASV_ 715,Bacteria,Firmicutes,Bacilli,Staphylococcales,Staphylococcaceae,NA,0,0,0,0,0,3,0,0,0,0,0,0,0,0
ASV_ 716,Bacteria,Firmicutes,Bacilli,Staphylococcales,Staphylococcaceae,Corticicoccus,0,0,0,0,0,0,3,0,0,0,0,0,0,0
ASV_ 717,Bacteria,Proteobacteria,Alphaproteobacteria,Reyranellales,Reyranellaceae,Reyranella,0,0,0,0,0,0,3,0,0,0,0,0,0,0
ASV_ 718,Bacteria,Bacteroidota,Bacteroidia,Flavobacteriales,Weeksellaceae,Cloacibacterium,0,0,0,0,0,0,3,0,0,0,0,0,0,0
ASV_ 719,Bacteria,Proteobacteria,Gammaproteobacteria,Enterobacterales,JI49D030,NA,0,0,0,0,0,0,3,0,0,0,0,0,0,0
ASV_ 72,Bacteria,Actinobacteriota,Actinobacteria,Corynebacteriales,Nocardiaceae,Gordonia,24,506,64,672,468,0,72,0,23,0,100,0,0,0
ASV_ 720,Bacteria,Proteobacteria,Alphaproteobacteria,Rhizobiales,Hyphomicrobiaceae,NA,0,0,0,0,0,0,3,0,0,0,0,0,0,0
ASV_ 721,Bacteria,Desulfobacterota,NA,NA,NA,NA,0,0,0,0,0,0,3,0,0,0,0,0,0,0
ASV_ 722,Bacteria,Proteobacteria,Gammaproteobacteria,Enterobacterales,JI49D030,NA,0,0,0,0,0,0,0,3,0,0,0,0,0,0
ASV_ 723,Bacteria,Proteobacteria,Gammaproteobacteria,Burkholderiales,Comamonadaceae,NA,0,0,0,0,0,0,0,3,0,0,0,0,0,0
ASV_ 724,Bacteria,Proteobacteria,Gammaproteobacteria,NA,NA,NA,0,0,0,0,0,0,0,3,0,0,0,0,0,0
ASV_ 725,Bacteria,NA,NA,NA,NA,NA,0,0,0,0,0,0,0,0,3,0,0,0,0,0
ASV_ 726,Bacteria,Actinobacteriota,Actinobacteria,Corynebacteriales,NA,NA,0,0,0,0,0,0,0,0,3,0,0,0,0,0
ASV_ 727,Bacteria,NA,NA,NA,NA,NA,0,0,0,0,0,0,0,0,0,3,0,0,0,0
ASV_ 728,Bacteria,Actinobacteriota,Thermoleophilia,Gaiellales,NA,NA,0,0,0,0,0,0,0,0,0,0,3,0,0,0
ASV_ 729,Bacteria,Proteobacteria,Gammaproteobacteria,Enterobacterales,JI49D030,NA,0,0,0,0,0,0,0,0,0,0,3,0,0,0
ASV_ 73,Bacteria,Actinobacteriota,Thermoleophilia,Solirubrobacterales,67-14,NA,15,250,0,262,142,0,119,42,474,247,201,0,0,42
ASV_ 730,Bacteria,Proteobacteria,NA,NA,NA,NA,0,0,0,0,0,0,0,0,0,0,3,0,0,0
ASV_ 731,Bacteria,Proteobacteria,Gammaproteobacteria,Pseudomonadales,Pseudomonadaceae,NA,0,0,0,0,0,0,0,0,0,0,3,0,0,0
ASV_ 732,Bacteria,Chloroflexi,KD4-96,NA,NA,NA,0,0,0,0,0,0,0,0,0,0,3,0,0,0
ASV_ 733,Bacteria,Actinobacteriota,Thermoleophilia,Gaiellales,NA,NA,0,0,0,0,0,0,0,0,0,0,3,0,0,0
ASV_ 734,Bacteria,Proteobacteria,Gammaproteobacteria,Burkholderiales,Comamonadaceae,Kinneretia,0,0,0,0,0,0,0,0,0,0,3,0,0,0
ASV_ 735,Bacteria,Proteobacteria,Gammaproteobacteria,NA,NA,NA,0,0,0,0,0,0,0,0,0,0,0,3,0,0
ASV_ 736,Bacteria,Bdellovibrionota,Bdellovibrionia,Bacteriovoracales,Bacteriovoracaceae,Peredibacter,0,0,0,0,0,0,0,0,0,0,0,3,0,0
ASV_ 737,Bacteria,Proteobacteria,Gammaproteobacteria,Xanthomonadales,Xanthomonadaceae,Stenotrophomonas,0,0,0,0,0,0,0,0,0,0,0,0,3,0
ASV_ 738,Bacteria,Verrucomicrobiota,Verrucomicrobiae,Verrucomicrobiales,Rubritaleaceae,Luteolibacter,0,0,0,0,0,0,0,0,0,0,0,0,3,0
ASV_ 739,Bacteria,Proteobacteria,Gammaproteobacteria,NA,NA,NA,0,0,0,0,0,0,0,0,0,0,0,0,0,3
ASV_ 74,Bacteria,Planctomycetota,Planctomycetes,Pirellulales,Pirellulaceae,Pirellula,0,0,0,0,0,0,0,93,784,0,409,0,127,380
ASV_ 740,Bacteria,Proteobacteria,Gammaproteobacteria,NA,NA,NA,0,0,0,0,0,0,0,0,0,0,0,0,0,3
ASV_ 741,Bacteria,Firmicutes,Bacilli,Erysipelotrichales,Erysipelotrichaceae,ZOR0006,0,2,0,0,0,0,0,0,0,0,0,0,0,0
ASV_ 742,Bacteria,Proteobacteria,Alphaproteobacteria,Rhizobiales,NA,NA,0,0,2,0,0,0,0,0,0,0,0,0,0,0
ASV_ 743,Bacteria,Firmicutes,Bacilli,Erysipelotrichales,Erysipelotrichaceae,ZOR0006,0,0,2,0,0,0,0,0,0,0,0,0,0,0
ASV_ 744,Bacteria,Proteobacteria,Gammaproteobacteria,NA,NA,NA,0,0,2,0,0,0,0,0,0,0,0,0,0,0
ASV_ 745,Bacteria,Fusobacteriota,Fusobacteriia,Fusobacteriales,Fusobacteriaceae,Cetobacterium,0,0,2,0,0,0,0,0,0,0,0,0,0,0
ASV_ 746,Bacteria,Actinobacteriota,Actinobacteria,Corynebacteriales,Nocardiaceae,NA,0,0,2,0,0,0,0,0,0,0,0,0,0,0
ASV_ 747,Bacteria,Actinobacteriota,Actinobacteria,Corynebacteriales,Nocardiaceae,NA,0,0,0,2,0,0,0,0,0,0,0,0,0,0
ASV_ 748,Bacteria,Proteobacteria,Gammaproteobacteria,Legionellales,Legionellaceae,Legionella,0,0,0,2,0,0,0,0,0,0,0,0,0,0
ASV_ 749,Bacteria,Planctomycetota,Planctomycetes,Gemmatales,Gemmataceae,NA,0,0,0,2,0,0,0,0,0,0,0,0,0,0
ASV_ 75,Bacteria,Proteobacteria,Gammaproteobacteria,Legionellales,Legionellaceae,Legionella,0,1721,0,0,0,0,0,0,0,0,0,0,0,0
ASV_ 750,Bacteria,Planctomycetota,Planctomycetes,Gemmatales,Gemmataceae,NA,0,0,0,0,2,0,0,0,0,0,0,0,0,0
ASV_ 751,Bacteria,Firmicutes,Bacilli,NA,NA,NA,0,0,0,0,2,0,0,0,0,0,0,0,0,0
ASV_ 752,Bacteria,Firmicutes,Bacilli,Bacillales,NA,NA,0,0,0,0,2,0,0,0,0,0,0,0,0,0
ASV_ 753,Bacteria,Fusobacteriota,Fusobacteriia,Fusobacteriales,Fusobacteriaceae,NA,0,0,0,0,2,0,0,0,0,0,0,0,0,0
ASV_ 754,Bacteria,Firmicutes,Bacilli,Staphylococcales,Staphylococcaceae,NA,0,0,0,0,2,0,0,0,0,0,0,0,0,0
ASV_ 755,Bacteria,Firmicutes,Bacilli,Bacillales,Bacillaceae,NA,0,0,0,0,2,0,0,0,0,0,0,0,0,0
ASV_ 756,Bacteria,Proteobacteria,Alphaproteobacteria,Rhizobiales,Beijerinckiaceae,NA,0,0,0,0,2,0,0,0,0,0,0,0,0,0
ASV_ 757,Bacteria,Proteobacteria,Gammaproteobacteria,Xanthomonadales,NA,NA,0,0,0,0,2,0,0,0,0,0,0,0,0,0
ASV_ 758,Bacteria,Firmicutes,Bacilli,Erysipelotrichales,Erysipelotrichaceae,ZOR0006,0,0,0,0,2,0,0,0,0,0,0,0,0,0
ASV_ 759,Bacteria,Proteobacteria,Gammaproteobacteria,Pseudomonadales,Moraxellaceae,NA,0,0,0,0,0,2,0,0,0,0,0,0,0,0
ASV_ 76,Bacteria,Proteobacteria,Gammaproteobacteria,Pseudomonadales,Moraxellaceae,Enhydrobacter,0,0,1716,0,0,0,0,0,0,0,0,0,0,0
ASV_ 760,Bacteria,Cyanobacteria,Cyanobacteriia,Cyanobacteriales,Nostocaceae,NA,0,0,0,0,0,2,0,0,0,0,0,0,0,0
ASV_ 761,Bacteria,Proteobacteria,Gammaproteobacteria,Pseudomonadales,Moraxellaceae,NA,0,0,0,0,0,2,0,0,0,0,0,0,0,0
ASV_ 762,Bacteria,Proteobacteria,Gammaproteobacteria,Pseudomonadales,NA,NA,0,0,0,0,0,2,0,0,0,0,0,0,0,0
ASV_ 763,Bacteria,Proteobacteria,Gammaproteobacteria,Xanthomonadales,Xanthomonadaceae,Stenotrophomonas,0,0,0,0,0,2,0,0,0,0,0,0,0,0
ASV_ 764,Bacteria,Proteobacteria,Gammaproteobacteria,Enterobacterales,NA,NA,0,0,0,0,0,0,2,0,0,0,0,0,0,0
ASV_ 765,Bacteria,Firmicutes,Bacilli,Bacillales,Bacillaceae,NA,0,0,0,0,0,0,2,0,0,0,0,0,0,0
ASV_ 766,Bacteria,Fusobacteriota,Fusobacteriia,Fusobacteriales,Fusobacteriaceae,NA,0,0,0,0,0,0,2,0,0,0,0,0,0,0
ASV_ 767,Bacteria,Proteobacteria,Alphaproteobacteria,Rhizobiales,Xanthobacteraceae,NA,0,0,0,0,0,0,0,2,0,0,0,0,0,0
ASV_ 768,Bacteria,Proteobacteria,Gammaproteobacteria,Burkholderiales,Comamonadaceae,Kinneretia,0,0,0,0,0,0,0,0,2,0,0,0,0,0
ASV_ 769,Bacteria,Firmicutes,Bacilli,Staphylococcales,Staphylococcaceae,Staphylococcus,0,0,0,0,0,0,0,0,2,0,0,0,0,0
ASV_ 77,Bacteria,Proteobacteria,Gammaproteobacteria,Xanthomonadales,Xanthomonadaceae,Pseudoxanthomonas,0,0,0,939,510,0,0,42,91,0,25,0,31,70
ASV_ 770,Bacteria,Firmicutes,Bacilli,NA,NA,NA,0,0,0,0,0,0,0,0,0,0,2,0,0,0
ASV_ 771,Bacteria,Planctomycetota,Planctomycetes,Pirellulales,Pirellulaceae,NA,0,0,0,0,0,0,0,0,0,0,2,0,0,0
ASV_ 772,Bacteria,Proteobacteria,Gammaproteobacteria,Burkholderiales,NA,NA,0,0,0,0,0,0,0,0,0,0,2,0,0,0
ASV_ 773,Bacteria,Actinobacteriota,Actinobacteria,Corynebacteriales,NA,NA,0,0,0,0,0,0,0,0,0,0,2,0,0,0
ASV_ 774,Bacteria,Firmicutes,Bacilli,NA,NA,NA,0,0,0,0,0,0,0,0,0,0,2,0,0,0
ASV_ 775,Bacteria,Proteobacteria,Gammaproteobacteria,Enterobacterales,JI49D030,NA,0,0,0,0,0,0,0,0,0,0,2,0,0,0
ASV_ 776,Bacteria,NA,NA,NA,NA,NA,0,0,0,0,0,0,0,0,0,0,0,2,0,0
ASV_ 777,Bacteria,Actinobacteriota,Actinobacteria,Corynebacteriales,NA,NA,0,0,0,0,0,0,0,0,0,0,0,0,2,0
ASV_ 778,Bacteria,NA,NA,NA,NA,NA,0,0,0,0,0,0,0,0,0,0,0,0,2,0
ASV_ 779,Bacteria,Actinobacteriota,Actinobacteria,Corynebacteriales,Nocardiaceae,Millisia,0,0,0,0,0,0,0,0,0,0,0,0,0,2
ASV_ 78,Bacteria,Actinobacteriota,Acidimicrobiia,Microtrichales,NA,NA,9,510,526,63,83,0,67,21,46,0,106,110,109,14
ASV_ 780,Bacteria,Proteobacteria,Gammaproteobacteria,Pseudomonadales,NA,NA,0,0,0,0,0,0,0,0,0,0,0,0,0,2
ASV_ 781,Bacteria,Proteobacteria,Gammaproteobacteria,Pseudomonadales,NA,NA,0,0,0,0,0,0,0,0,0,0,0,0,0,2
ASV_ 782,Bacteria,Proteobacteria,Gammaproteobacteria,Burkholderiales,Comamonadaceae,Kinneretia,0,0,0,0,0,0,0,0,0,0,0,0,0,2
ASV_ 783,Bacteria,Proteobacteria,Alphaproteobacteria,Rhizobiales,Hyphomicrobiaceae,NA,1,0,0,0,0,0,0,0,0,0,0,0,0,0
ASV_ 784,Bacteria,Proteobacteria,Gammaproteobacteria,Enterobacterales,NA,NA,1,0,0,0,0,0,0,0,0,0,0,0,0,0
ASV_ 785,Bacteria,Proteobacteria,Gammaproteobacteria,Burkholderiales,Alcaligenaceae,NA,0,0,1,0,0,0,0,0,0,0,0,0,0,0
ASV_ 786,Bacteria,Verrucomicrobiota,Verrucomicrobiae,Verrucomicrobiales,NA,NA,0,0,0,1,0,0,0,0,0,0,0,0,0,0
ASV_ 787,Bacteria,Planctomycetota,Planctomycetes,Pirellulales,Pirellulaceae,NA,0,0,0,1,0,0,0,0,0,0,0,0,0,0
ASV_ 788,Bacteria,Actinobacteriota,Actinobacteria,Corynebacteriales,Nocardiaceae,Millisia,0,0,0,0,1,0,0,0,0,0,0,0,0,0
ASV_ 789,Bacteria,Actinobacteriota,Actinobacteria,Corynebacteriales,Nocardiaceae,Millisia,0,0,0,0,1,0,0,0,0,0,0,0,0,0
ASV_ 79,Bacteria,Proteobacteria,Alphaproteobacteria,Sphingomonadales,Sphingomonadaceae,Sphingomonas,7,323,201,19,33,169,22,30,60,563,23,111,33,6
ASV_ 790,Bacteria,Proteobacteria,Gammaproteobacteria,NA,NA,NA,0,0,0,0,1,0,0,0,0,0,0,0,0,0
ASV_ 791,Bacteria,Actinobacteriota,Thermoleophilia,Solirubrobacterales,67-14,NA,0,0,0,0,1,0,0,0,0,0,0,0,0,0
ASV_ 792,Bacteria,Firmicutes,Bacilli,Lactobacillales,Streptococcaceae,NA,0,0,0,0,1,0,0,0,0,0,0,0,0,0
ASV_ 793,Bacteria,Actinobacteriota,Actinobacteria,Corynebacteriales,Nocardiaceae,NA,0,0,0,0,1,0,0,0,0,0,0,0,0,0
ASV_ 794,Bacteria,Proteobacteria,NA,NA,NA,NA,0,0,0,0,1,0,0,0,0,0,0,0,0,0
ASV_ 795,Bacteria,Proteobacteria,Gammaproteobacteria,Pseudomonadales,NA,NA,0,0,0,0,0,0,0,1,0,0,0,0,0,0
ASV_ 796,Bacteria,Proteobacteria,Alphaproteobacteria,Rhizobiales,Rhizobiaceae,Ciceribacter,0,0,0,0,0,0,0,1,0,0,0,0,0,0
ASV_ 797,Bacteria,Firmicutes,Bacilli,Paenibacillales,Paenibacillaceae,Paenibacillus,0,0,0,0,0,0,0,1,0,0,0,0,0,0
ASV_ 798,Bacteria,Proteobacteria,Gammaproteobacteria,Burkholderiales,Comamonadaceae,Kinneretia,0,0,0,0,0,0,0,0,0,1,0,0,0,0
ASV_ 799,Bacteria,Proteobacteria,Gammaproteobacteria,Burkholderiales,Comamonadaceae,Kinneretia,0,0,0,0,0,0,0,0,0,1,0,0,0,0
ASV_ 8,Bacteria,Proteobacteria,Gammaproteobacteria,Burkholderiales,Comamonadaceae,Paucibacter,39,0,77,2084,1194,0,546,20405,20107,2752,30946,764,10590,27611
ASV_ 80,Bacteria,Planctomycetota,Planctomycetes,Pirellulales,Pirellulaceae,Pirellula,0,0,0,71,29,0,0,0,736,0,91,0,246,381
ASV_ 800,Bacteria,Fusobacteriota,Fusobacteriia,Fusobacteriales,Fusobacteriaceae,NA,0,0,0,0,0,0,0,0,0,0,1,0,0,0
ASV_ 801,Bacteria,NA,NA,NA,NA,NA,0,0,0,0,0,0,0,0,0,0,1,0,0,0
ASV_ 802,Bacteria,Verrucomicrobiota,Verrucomicrobiae,Verrucomicrobiales,Rubritaleaceae,Luteolibacter,0,0,0,0,0,0,0,0,0,0,0,1,0,0
ASV_ 81,Bacteria,Planctomycetota,Phycisphaerae,mle1-8,NA,NA,0,854,50,387,78,0,51,7,2,44,25,0,0,7
ASV_ 82,Bacteria,Proteobacteria,Gammaproteobacteria,Pseudomonadales,Moraxellaceae,Enhydrobacter,0,0,918,0,0,0,0,0,0,534,0,0,0,0
ASV_ 83,Bacteria,Proteobacteria,Gammaproteobacteria,Burkholderiales,Comamonadaceae,Aquabacterium,0,0,0,20,27,0,0,852,409,0,0,0,0,103
ASV_ 84,Bacteria,Bacteroidota,Bacteroidia,Bacteroidales,Barnesiellaceae,NA,502,0,2,11,51,204,109,0,22,81,23,85,105,193
ASV_ 85,Bacteria,Proteobacteria,Gammaproteobacteria,Burkholderiales,Burkholderiaceae,Ralstonia,0,204,42,0,0,0,0,20,0,947,11,23,129,9
ASV_ 86,Bacteria,Actinobacteriota,Actinobacteria,Corynebacteriales,Corynebacteriaceae,Corynebacterium,0,168,0,0,605,0,45,0,0,424,0,0,0,114
ASV_ 87,Bacteria,Verrucomicrobiota,Verrucomicrobiae,Verrucomicrobiales,Rubritaleaceae,Luteolibacter,0,200,0,158,0,0,152,25,324,30,190,55,158,59
ASV_ 88,Bacteria,Firmicutes,Bacilli,Staphylococcales,Staphylococcaceae,Staphylococcus,12,637,78,31,143,122,73,0,0,51,110,0,61,31
ASV_ 89,Bacteria,Planctomycetota,Planctomycetes,Gemmatales,Gemmataceae,Gemmata,0,1210,0,0,0,0,0,0,0,0,55,0,0,63
ASV_ 9,Bacteria,Bacteroidota,Bacteroidia,Flavobacteriales,Weeksellaceae,Cloacibacterium,346,16913,5592,9632,3526,0,1904,4033,43188,4953,19136,1514,1833,2757
ASV_ 90,Bacteria,Actinobacteriota,Actinobacteria,Corynebacteriales,Nocardiaceae,Rhodococcus,14,0,141,0,43,0,32,25,197,169,262,131,95,196
ASV_ 91,Bacteria,Actinobacteriota,Actinobacteria,Pseudonocardiales,Pseudonocardiaceae,Pseudonocardia,0,0,56,748,294,0,195,0,0,0,0,0,0,0
ASV_ 92,Bacteria,Proteobacteria,Alphaproteobacteria,Rhizobiales,Rhizobiaceae,Shinella,0,166,25,63,34,4,38,242,232,37,204,38,49,139
ASV_ 93,Bacteria,Dependentiae,Babeliae,Babeliales,Babeliaceae,NA,0,668,0,335,38,0,88,0,0,0,117,0,0,16
ASV_ 94,Bacteria,Proteobacteria,Alphaproteobacteria,Rhodobacterales,Rhodobacteraceae,Gemmobacter,0,162,207,142,67,10,104,70,113,0,167,35,75,108
ASV_ 95,Bacteria,Proteobacteria,Alphaproteobacteria,Reyranellales,Reyranellaceae,Reyranella,0,213,68,531,166,0,28,16,14,0,30,22,134,31
ASV_ 96,Bacteria,Planctomycetota,Planctomycetes,Gemmatales,Gemmataceae,NA,0,601,364,130,0,0,83,0,0,0,51,0,0,0
ASV_ 97,Bacteria,Planctomycetota,Planctomycetes,Pirellulales,Pirellulaceae,NA,0,1205,0,19,0,0,0,0,0,0,0,0,0,0
ASV_ 98,Bacteria,Proteobacteria,Gammaproteobacteria,Pseudomonadales,Moraxellaceae,Acinetobacter,0,0,0,0,0,1187,0,0,0,0,0,0,0,0
ASV_ 99,Bacteria,Actinobacteriota,Actinobacteria,Corynebacteriales,Mycobacteriaceae,Mycobacterium,12,363,0,0,0,0,24,0,147,222,102,62,233,0
